crime,cod_ibge,municipio,taxa_por_1000,moran_local_Ii,p_valor,cluster,litoranea_turistica
Roubo (art. 157),3500105,Adamantina,0.144,0.2073,0.3423,Não significativo,0
Roubo (art. 157),3500204,Adolfo,0.23,0.1238,0.4522,Não significativo,0
Roubo (art. 157),3500303,Aguaí,0.499,0.0185,0.7523,Não significativo,0
Roubo (art. 157),3500402,Águas da Prata,0.407,0.102,0.5287,Não significativo,0
Roubo (art. 157),3500501,Águas de Lindóia,0.558,0.0254,0.6868,Não significativo,0
Roubo (art. 157),3500550,Águas de Santa Bárbara,0,0.2416,0.2813,Não significativo,0
Roubo (art. 157),3500600,Águas de São Pedro,0.36,0.0421,0.8744,Não significativo,0
Roubo (art. 157),3500709,Agudos,0.159,0.1242,0.3525,Não significativo,0
Roubo (art. 157),3500758,Alambari,0.489,6e-4,0.9941,Não significativo,0
Roubo (art. 157),3500808,Alfredo Marcondes,0,0.2512,0.3612,Não significativo,0
Roubo (art. 157),3500907,Altair,0,0.1762,0.4317,Não significativo,0
Roubo (art. 157),3501004,Altinópolis,0.238,0.029,0.8193,Não significativo,0
Roubo (art. 157),3501103,Alto Alegre,0.521,0.0519,0.3575,Não significativo,0
Roubo (art. 157),3501152,Alumínio,0.809,0.0395,0.3783,Não significativo,0
Roubo (art. 157),3501202,Álvares Florence,0,0.2482,0.3127,Não significativo,0
Roubo (art. 157),3501301,Álvares Machado,0.11,0.2003,0.3335,Não significativo,0
Roubo (art. 157),3501400,Álvaro de Carvalho,0.208,0.1433,0.3624,Não significativo,0
Roubo (art. 157),3501509,Alvinlândia,0,0.228,0.3538,Não significativo,0
Roubo (art. 157),3501608,Americana,1.092,0.1295,0.3554,Não significativo,0
Roubo (art. 157),3501707,Américo Brasiliense,0.666,0.0054,0.6452,Não significativo,0
Roubo (art. 157),3501806,Américo de Campos,0,0.2642,0.2827,Não significativo,0
Roubo (art. 157),3501905,Amparo,0.529,0.0299,0.5484,Não significativo,0
Roubo (art. 157),3502002,Analândia,0.872,0.016,0.7776,Não significativo,0
Roubo (art. 157),3502101,Andradina,0.234,0.1604,0.213,Não significativo,0
Roubo (art. 157),3502200,Angatuba,0.208,0.1357,0.351,Não significativo,0
Roubo (art. 157),3502309,Anhembi,1.586,-0.058,0.8559,Não significativo,0
Roubo (art. 157),3502408,Anhumas,0,0.2237,0.3629,Não significativo,0
Roubo (art. 157),3502507,Aparecida,2.948,-0.0647,0.9465,Não significativo,0
Roubo (art. 157),3502606,Aparecida d'Oeste,0,0.2691,0.2303,Não significativo,0
Roubo (art. 157),3502705,Apiaí,0.081,0.185,0.2802,Não significativo,0
Roubo (art. 157),3502754,Araçariguama,1.719,0.4903,0.137,Não significativo,0
Roubo (art. 157),3502804,Araçatuba,0.47,0.0681,0.226,Não significativo,0
Roubo (art. 157),3502903,Araçoiaba da Serra,0.493,-0.013,0.8565,Não significativo,0
Roubo (art. 157),3503000,Aramina,0.369,-0.0012,0.9931,Não significativo,0
Roubo (art. 157),3503109,Arandu,0.145,0.1291,0.6078,Não significativo,0
Roubo (art. 157),3503158,Arapeí,0,0.2261,0.5617,Não significativo,0
Roubo (art. 157),3503208,Araraquara,0.644,0.0084,0.5151,Não significativo,0
Roubo (art. 157),3503307,Araras,1.849,0.334,0.2976,Não significativo,0
Roubo (art. 157),3503356,Arco-Íris,0.489,0.0713,0.2855,Não significativo,0
Roubo (art. 157),3503406,Arealva,0.123,0.0746,0.6856,Não significativo,0
Roubo (art. 157),3503505,Areias,0.559,0.0197,0.7166,Não significativo,0
Roubo (art. 157),3503604,Areiópolis,0.197,0.1272,0.519,Não significativo,0
Roubo (art. 157),3503703,Ariranha,0,0.1979,0.34,Não significativo,0
Roubo (art. 157),3503802,Artur Nogueira,0.7,0.0012,0.416,Não significativo,0
Roubo (art. 157),3503901,Arujá,3.519,5.1778,0,Alto-Alto,0
Roubo (art. 157),3503950,Aspásia,0,0.1565,0.524,Não significativo,0
Roubo (art. 157),3504008,Assis,0.276,0.1437,0.2515,Não significativo,0
Roubo (art. 157),3504107,Atibaia,1.072,0.2346,0.0368,Alto-Alto,0
Roubo (art. 157),3504206,Auriflama,0.292,0.1688,0.1952,Não significativo,0
Roubo (art. 157),3504305,Avaí,0.446,0.0699,0.349,Não significativo,0
Roubo (art. 157),3504404,Avanhandava,0.178,0.1016,0.6197,Não significativo,0
Roubo (art. 157),3504503,Avaré,0.248,0.111,0.3193,Não significativo,0
Roubo (art. 157),3504602,Bady Bassitt,0.33,0.0673,0.6024,Não significativo,0
Roubo (art. 157),3504701,Balbinos,0,0.2757,0.4794,Não significativo,0
Roubo (art. 157),3504800,Bálsamo,0.313,0.1074,0.4277,Não significativo,0
Roubo (art. 157),3504909,Bananal,0.1,0.2124,0.5246,Não significativo,0
Roubo (art. 157),3505005,Barão de Antonina,0,0.2213,0.57,Não significativo,0
Roubo (art. 157),3505104,Barbosa,0.355,0.0992,0.4103,Não significativo,0
Roubo (art. 157),3505203,Bariri,0.411,0.0664,0.4031,Não significativo,0
Roubo (art. 157),3505302,Barra Bonita,0.291,0.103,0.4718,Não significativo,0
Roubo (art. 157),3505351,Barra do Chapéu,0.193,0.214,0.2821,Não significativo,0
Roubo (art. 157),3505401,Barra do Turvo,1.891,-0.1761,0.6796,Não significativo,0
Roubo (art. 157),3505500,Barretos,0.58,0.0269,0.4054,Não significativo,0
Roubo (art. 157),3505609,Barrinha,0.53,0.0112,0.8484,Não significativo,0
Roubo (art. 157),3505708,Barueri,2.667,5.186,0,Alto-Alto,0
Roubo (art. 157),3505807,Bastos,0.233,0.159,0.3852,Não significativo,0
Roubo (art. 157),3505906,Batatais,0.668,0.0027,0.715,Não significativo,0
Roubo (art. 157),3506003,Bauru,0.799,-0.0304,0.325,Não significativo,0
Roubo (art. 157),3506102,Bebedouro,0.615,0.0214,0.3133,Não significativo,0
Roubo (art. 157),3506201,Bento de Abreu,0,0.2155,0.4333,Não significativo,0
Roubo (art. 157),3506300,Bernardino de Campos,0.086,0.2132,0.3768,Não significativo,0
Roubo (art. 157),3506359,Bertioga,4.315,3.517,0.0024,Alto-Alto,1
Roubo (art. 157),3506409,Bilac,0,0.196,0.4252,Não significativo,0
Roubo (art. 157),3506508,Birigui,0.412,0.0874,0.3839,Não significativo,0
Roubo (art. 157),3506607,Biritiba Mirim,0.337,-0.3204,0.0243,Baixo-Alto,0
Roubo (art. 157),3506706,Boa Esperança do Sul,0.077,0.1392,0.3914,Não significativo,0
Roubo (art. 157),3506805,Bocaina,0.089,0.1878,0.4337,Não significativo,0
Roubo (art. 157),3506904,Bofete,0.287,0.0643,0.5487,Não significativo,0
Roubo (art. 157),3507001,Boituva,1.081,0.0403,0.7667,Não significativo,0
Roubo (art. 157),3507100,Bom Jesus dos Perdões,0.636,-0.0137,0.618,Não significativo,0
Roubo (art. 157),3507159,Bom Sucesso de Itararé,0,0.1741,0.5266,Não significativo,0
Roubo (art. 157),3507209,Borá,0,0.2338,0.3954,Não significativo,0
Roubo (art. 157),3507308,Boracéia,0.424,0.053900000000000003,0.6648,Não significativo,0
Roubo (art. 157),3507407,Borborema,0.281,0.1259,0.3467,Não significativo,0
Roubo (art. 157),3507456,Borebi,0.369,0.1004,0.4377,Não significativo,0
Roubo (art. 157),3507506,Botucatu,0.241,0.0746,0.5095,Não significativo,0
Roubo (art. 157),3507605,Bragança Paulista,0.752,-0.0019,0.8974,Não significativo,0
Roubo (art. 157),3507704,Braúna,0,0.2301,0.3049,Não significativo,0
Roubo (art. 157),3507753,Brejo Alegre,0.39,0.1058,0.382,Não significativo,0
Roubo (art. 157),3507803,Brodowski,0.397,-0.0924,0.3832,Não significativo,0
Roubo (art. 157),3507902,Brotas,0.921,-0.0412,0.5413,Não significativo,0
Roubo (art. 157),3508009,Buri,0.099,0.1533,0.3887,Não significativo,0
Roubo (art. 157),3508108,Buritama,0.174,0.169,0.2776,Não significativo,0
Roubo (art. 157),3508207,Buritizal,0.459,0.0415,0.6202,Não significativo,0
Roubo (art. 157),3508306,Cabrália Paulista,0,0.2508,0.3078,Não significativo,0
Roubo (art. 157),3508405,Cabreúva,0.638,-0.0143,0.4425,Não significativo,0
Roubo (art. 157),3508504,Caçapava,1.507,0.1835,0.5215,Não significativo,0
Roubo (art. 157),3508603,Cachoeira Paulista,0.95,0.0863,0.3376,Não significativo,0
Roubo (art. 157),3508702,Caconde,0.175,0.1833,0.4415,Não significativo,0
Roubo (art. 157),3508801,Cafelândia,0.48,0.0702,0.276,Não significativo,0
Roubo (art. 157),3508900,Caiabu,0,0.2545,0.355,Não significativo,0
Roubo (art. 157),3509007,Caieiras,2.031,2.9901,0,Alto-Alto,0
Roubo (art. 157),3509106,Caiuá,0,0.2836,0.3028,Não significativo,0
Roubo (art. 157),3509205,Cajamar,1.888,1.7082,0,Alto-Alto,0
Roubo (art. 157),3509254,Cajati,0.982,0.0336,0.797,Não significativo,0
Roubo (art. 157),3509304,Cajobi,0.219,0.1704,0.2678,Não significativo,0
Roubo (art. 157),3509403,Cajuru,1.007,-0.0419,0.6304,Não significativo,0
Roubo (art. 157),3509452,Campina do Monte Alegre,0,0.163,0.6078,Não significativo,0
Roubo (art. 157),3509502,Campinas,4.004,0.9731,0.2306,Não significativo,0
Roubo (art. 157),3509601,Campo Limpo Paulista,2.486,1.337,0.0342,Alto-Alto,0
Roubo (art. 157),3509700,Campos do Jordão,0.915,0.0018,0.9835,Não significativo,0
Roubo (art. 157),3509809,Campos Novos Paulista,0,0.2521,0.2243,Não significativo,0
Roubo (art. 157),3509908,Cananéia,0.325,-0.0389,0.7677,Não significativo,1
Roubo (art. 157),3509957,Canas,3.042,0.6233,0.6321,Não significativo,0
Roubo (art. 157),3510005,Cândido Mota,0.102,0.2079,0.3219,Não significativo,0
Roubo (art. 157),3510104,Cândido Rodrigues,0,0.1028,0.7458,Não significativo,0
Roubo (art. 157),3510153,Canitar,0.318,0.0894,0.6048,Não significativo,0
Roubo (art. 157),3510203,Capão Bonito,0.388,0.0712,0.3786,Não significativo,0
Roubo (art. 157),3510302,Capela do Alto,0.787,-0.0064,0.8291,Não significativo,0
Roubo (art. 157),3510401,Capivari,0.599,-0.0188,0.5159,Não significativo,0
Roubo (art. 157),3510500,Caraguatatuba,1.883,0.1243,0.7648,Não significativo,1
Roubo (art. 157),3510609,Carapicuíba,6.398,11.4352,0,Alto-Alto,0
Roubo (art. 157),3510708,Cardoso,0.264,0.186,0.1226,Não significativo,0
Roubo (art. 157),3510807,Casa Branca,0.427,0.0405,0.6134,Não significativo,0
Roubo (art. 157),3510906,Cássia dos Coqueiros,0,0.0046,0.9873,Não significativo,0
Roubo (art. 157),3511003,Castilho,0.1,0.2436,0.2475,Não significativo,0
Roubo (art. 157),3511102,Catanduva,0.44,0.0964,0.1305,Não significativo,0
Roubo (art. 157),3511201,Catiguá,0.143,0.1929,0.3237,Não significativo,0
Roubo (art. 157),3511300,Cedral,0,0.138,0.5377,Não significativo,0
Roubo (art. 157),3511409,Cerqueira César,0.326,0.1215,0.2711,Não significativo,0
Roubo (art. 157),3511508,Cerquilho,0.85,0.0095,0.8485,Não significativo,0
Roubo (art. 157),3511607,Cesário Lange,0.577,-0.0037,0.9302,Não significativo,0
Roubo (art. 157),3511706,Charqueada,0.837,-1e-4,0.9986,Não significativo,0
Roubo (art. 157),3511904,Clementina,0,0.253,0.2227,Não significativo,0
Roubo (art. 157),3512001,Colina,0.27,0.1005,0.4643,Não significativo,0
Roubo (art. 157),3512100,Colômbia,0.302,0.0565,0.7976,Não significativo,0
Roubo (art. 157),3512209,Conchal,0.783,0.037,0.2838,Não significativo,0
Roubo (art. 157),3512308,Conchas,0.853,0.0042,0.9343,Não significativo,0
Roubo (art. 157),3512407,Cordeirópolis,1.061,0.1277,0.3771,Não significativo,0
Roubo (art. 157),3512506,Coroados,0,0.2464,0.2719,Não significativo,0
Roubo (art. 157),3512605,Coronel Macedo,0,0.1861,0.4064,Não significativo,0
Roubo (art. 157),3512704,Corumbataí,0.954,0.0775,0.3526,Não significativo,0
Roubo (art. 157),3512803,Cosmópolis,1.405,0.1149,0.6458,Não significativo,0
Roubo (art. 157),3512902,Cosmorama,0.115,0.2136,0.2542,Não significativo,0
Roubo (art. 157),3513009,Cotia,4.843,9.7671,0,Alto-Alto,0
Roubo (art. 157),3513108,Cravinhos,0.631,-0.0199,0.3852,Não significativo,0
Roubo (art. 157),3513207,Cristais Paulista,0.755,-0.0152,0.5181,Não significativo,0
Roubo (art. 157),3513306,Cruzália,0,0.289,0.2936,Não significativo,0
Roubo (art. 157),3513405,Cruzeiro,0.96,0.0244,0.8154,Não significativo,0
Roubo (art. 157),3513504,Cubatão,4.054,11.7306,0,Alto-Alto,1
Roubo (art. 157),3513603,Cunha,0.362,-0.0148,0.8749,Não significativo,0
Roubo (art. 157),3513702,Descalvado,0.913,0.0264,0.7063,Não significativo,0
Roubo (art. 157),3513801,Diadema,6.772,26.1251,0,Alto-Alto,0
Roubo (art. 157),3513850,Dirce Reis,0,0.2524,0.3046,Não significativo,0
Roubo (art. 157),3513900,Divinolândia,0.09,0.2239,0.4189,Não significativo,0
Roubo (art. 157),3514007,Dobrada,0.114,0.0054,0.9777,Não significativo,0
Roubo (art. 157),3514106,Dois Córregos,0,0.1525,0.431,Não significativo,0
Roubo (art. 157),3514205,Dolcinópolis,0,0.2713,0.3242,Não significativo,0
Roubo (art. 157),3514304,Dourado,0,0.1448,0.4846,Não significativo,0
Roubo (art. 157),3514403,Dracena,0.154,0.2268,0.1945,Não significativo,0
Roubo (art. 157),3514502,Duartina,0.162,0.084,0.5972,Não significativo,0
Roubo (art. 157),3514601,Dumont,0.422,-0.067,0.5937,Não significativo,0
Roubo (art. 157),3514700,Echaporã,0.322,0.1241,0.266,Não significativo,0
Roubo (art. 157),3514809,Eldorado,0.383,0.0165,0.8494,Não significativo,0
Roubo (art. 157),3514908,Elias Fausto,0.791,0.0096,0.7555,Não significativo,0
Roubo (art. 157),3514924,Elisiário,0,0.2317,0.3996,Não significativo,0
Roubo (art. 157),3514957,Embaúba,0,0.2252,0.3597,Não significativo,0
Roubo (art. 157),3515004,Embu das Artes,7.519,30.3031,0,Alto-Alto,0
Roubo (art. 157),3515103,Embu-Guaçu,3.24,10.0241,0,Alto-Alto,0
Roubo (art. 157),3515129,Emilianópolis,0,0.2964,0.2281,Não significativo,0
Roubo (art. 157),3515152,Engenheiro Coelho,0.664,-0.0134,0.2333,Não significativo,0
Roubo (art. 157),3515186,Espírito Santo do Pinhal,0.477,-0.0098,0.8898,Não significativo,0
Roubo (art. 157),3515194,Espírito Santo do Turvo,0.722,-0.0092,0.4436,Não significativo,0
Roubo (art. 157),3515202,Estrela d'Oeste,0.106,0.2026,0.2496,Não significativo,0
Roubo (art. 157),3515301,Estrela do Norte,0,0.2087,0.5113,Não significativo,0
Roubo (art. 157),3515350,Euclides da Cunha Paulista,0,0.2279,0.5586,Não significativo,0
Roubo (art. 157),3515400,Fartura,0.24,0.1599,0.2086,Não significativo,0
Roubo (art. 157),3515509,Fernandópolis,0.239,0.1571,0.2493,Não significativo,0
Roubo (art. 157),3515608,Fernando Prestes,0.168,0.1418,0.4046,Não significativo,0
Roubo (art. 157),3515657,Fernão,1.208,-0.1566,0.5051,Não significativo,0
Roubo (art. 157),3515707,Ferraz de Vasconcelos,5.681,18.8956,0,Alto-Alto,0
Roubo (art. 157),3515806,Flora Rica,0,0.275,0.1851,Não significativo,0
Roubo (art. 157),3515905,Floreal,0,0.2409,0.3812,Não significativo,0
Roubo (art. 157),3516002,Flórida Paulista,0,0.2566,0.2162,Não significativo,0
Roubo (art. 157),3516101,Florínea,0,0.2865,0.2978,Não significativo,0
Roubo (art. 157),3516200,Franca,0.706,-0.002,0.5498,Não significativo,0
Roubo (art. 157),3516309,Francisco Morato,3.924,3.178,0.0302,Alto-Alto,0
Roubo (art. 157),3516408,Franco da Rocha,3.217,2.6921,0.0024,Alto-Alto,0
Roubo (art. 157),3516507,Gabriel Monteiro,0.362,0.1089,0.3562,Não significativo,0
Roubo (art. 157),3516606,Gália,0.47,0.0594,0.3457,Não significativo,0
Roubo (art. 157),3516705,Garça,0.214,0.1675,0.2441,Não significativo,0
Roubo (art. 157),3516804,Gastão Vidigal,0,0.2853,0.1693,Não significativo,0
Roubo (art. 157),3516853,Gavião Peixoto,0.425,0.0591,0.5811,Não significativo,0
Roubo (art. 157),3516903,General Salgado,0.194,0.188,0.2456,Não significativo,0
Roubo (art. 157),3517000,Getulina,0.293,0.1065,0.3141,Não significativo,0
Roubo (art. 157),3517109,Glicério,0,0.2452,0.3186,Não significativo,0
Roubo (art. 157),3517208,Guaiçara,0.178,0.1318,0.5197,Não significativo,0
Roubo (art. 157),3517307,Guaimbê,0.181,0.1318,0.4687,Não significativo,0
Roubo (art. 157),3517406,Guaíra,0.356,-0.0149,0.9019,Não significativo,0
Roubo (art. 157),3517505,Guapiaçu,0.23,0.1109,0.4601,Não significativo,0
Roubo (art. 157),3517604,Guapiara,0.351,0.077,0.4887,Não significativo,0
Roubo (art. 157),3517703,Guará,0.537,0.0088,0.8747,Não significativo,0
Roubo (art. 157),3517802,Guaraçaí,0,0.2328,0.2618,Não significativo,0
Roubo (art. 157),3517901,Guaraci,0.097,0.1407,0.552,Não significativo,0
Roubo (art. 157),3518008,Guarani d'Oeste,0.508,0.0736,0.2247,Não significativo,0
Roubo (art. 157),3518107,Guarantã,0.467,0.0766,0.3441,Não significativo,0
Roubo (art. 157),3518206,Guararapes,0.419,0.0891,0.2488,Não significativo,0
Roubo (art. 157),3518305,Guararema,1.313,0.1169,0.5562,Não significativo,0
Roubo (art. 157),3518404,Guaratinguetá,1.279,0.1058,0.5146,Não significativo,0
Roubo (art. 157),3518503,Guareí,0,0.1011,0.625,Não significativo,0
Roubo (art. 157),3518602,Guariba,1.227,-0.0577,0.7377,Não significativo,0
Roubo (art. 157),3518701,Guarujá,4.947,9.1528,1e-4,Alto-Alto,1
Roubo (art. 157),3518800,Guarulhos,4.663,8.5518,0,Alto-Alto,0
Roubo (art. 157),3518859,Guatapará,0.41,-0.0052,0.9558,Não significativo,0
Roubo (art. 157),3518909,Guzolândia,0,0.273,0.3211,Não significativo,0
Roubo (art. 157),3519006,Herculândia,0.219,0.1466,0.3845,Não significativo,0
Roubo (art. 157),3519055,Holambra,0.199,-0.102,0.5631,Não significativo,0
Roubo (art. 157),3519071,Hortolândia,2.51,2.0973,0.0113,Alto-Alto,0
Roubo (art. 157),3519105,Iacanga,0.383,0.0793,0.4733,Não significativo,0
Roubo (art. 157),3519204,Iacri,0,0.2057,0.3213,Não significativo,0
Roubo (art. 157),3519253,Iaras,0.125,0.171,0.3967,Não significativo,0
Roubo (art. 157),3519303,Ibaté,0.622,-0.0013,0.9696,Não significativo,0
Roubo (art. 157),3519402,Ibirá,0.086,0.2347,0.2326,Não significativo,0
Roubo (art. 157),3519501,Ibirarema,0.157,0.1595,0.4024,Não significativo,0
Roubo (art. 157),3519600,Ibitinga,0.233,0.1024,0.458,Não significativo,0
Roubo (art. 157),3519709,Ibiúna,1.283,0.6306,0,Alto-Alto,0
Roubo (art. 157),3519808,Icém,0.384,0.1066,0.3877,Não significativo,0
Roubo (art. 157),3519907,Iepê,0,0.2646,0.3362,Não significativo,0
Roubo (art. 157),3520004,Igaraçu do Tietê,0.303,0.1074,0.4897,Não significativo,0
Roubo (art. 157),3520103,Igarapava,0.496,0.0473,0.5495,Não significativo,0
Roubo (art. 157),3520202,Igaratá,2.169,0.4026,0.4374,Não significativo,0
Roubo (art. 157),3520301,Iguape,0.343,-0.1676,0.0712,Não significativo,1
Roubo (art. 157),3520400,Ilhabela,0.573,-0,NA,Baixo-Alto,1
Roubo (art. 157),3520426,Ilha Comprida,1.341,-0.1471,0.6854,Não significativo,1
Roubo (art. 157),3520442,Ilha Solteira,0.235,0.1667,0.3063,Não significativo,0
Roubo (art. 157),3520509,Indaiatuba,0.567,-0.0512,0.1834,Não significativo,0
Roubo (art. 157),3520608,Indiana,0,0.2382,0.3866,Não significativo,0
Roubo (art. 157),3520707,Indiaporã,0,0.2387,0.3855,Não significativo,0
Roubo (art. 157),3520806,Inúbia Paulista,0,0.2448,0.3737,Não significativo,0
Roubo (art. 157),3520905,Ipaussu,0,0.2337,0.3419,Não significativo,0
Roubo (art. 157),3521002,Iperó,0.549,-0.0315,0.5073,Não significativo,0
Roubo (art. 157),3521101,Ipeúna,0.586,-0.0205,0.6382,Não significativo,0
Roubo (art. 157),3521150,Ipiguá,0,0.086,0.7539,Não significativo,0
Roubo (art. 157),3521200,Iporanga,0.247,0.0502,0.7279,Não significativo,0
Roubo (art. 157),3521309,Ipuã,0.899,-7e-4,0.9925,Não significativo,0
Roubo (art. 157),3521408,Iracemápolis,0.728,0.0097,0.4492,Não significativo,0
Roubo (art. 157),3521507,Irapuã,0.146,0.1594,0.412,Não significativo,0
Roubo (art. 157),3521606,Irapuru,0,0.2808,0.2537,Não significativo,0
Roubo (art. 157),3521705,Itaberá,0.167,0.1323,0.4376,Não significativo,0
Roubo (art. 157),3521804,Itaí,0.397,0.0889,0.2323,Não significativo,0
Roubo (art. 157),3521903,Itajobi,0.235,0.1455,0.29,Não significativo,0
Roubo (art. 157),3522000,Itaju,0.829,-0.0343,0.5164,Não significativo,0
Roubo (art. 157),3522109,Itanhaém,3.138,6.3433,0,Alto-Alto,1
Roubo (art. 157),3522158,Itaoca,0,0.2571,0.4187,Não significativo,0
Roubo (art. 157),3522208,Itapecerica da Serra,10.118,30.1417,0,Alto-Alto,0
Roubo (art. 157),3522307,Itapetininga,0.665,0.0066,0.36870000000000003,Não significativo,0
Roubo (art. 157),3522406,Itapeva,0.446,0.0605,0.3312,Não significativo,0
Roubo (art. 157),3522505,Itapevi,4.425,3.5241,0.0014,Alto-Alto,0
Roubo (art. 157),3522604,Itapira,0.625,-0.0016,0.9372,Não significativo,0
Roubo (art. 157),3522653,Itapirapuã Paulista,0,0.2627,0.5002,Não significativo,0
Roubo (art. 157),3522703,Itápolis,0.329,0.0908,0.3746,Não significativo,0
Roubo (art. 157),3522802,Itaporanga,0.142,0.1895,0.3332,Não significativo,0
Roubo (art. 157),3522901,Itapuí,0.22,0.0828,0.6595,Não significativo,0
Roubo (art. 157),3523008,Itapura,0,0.2219,0.4851,Não significativo,0
Roubo (art. 157),3523107,Itaquaquecetuba,6.215,15.8257,0,Alto-Alto,0
Roubo (art. 157),3523206,Itararé,0.45,0.0631,0.4679,Não significativo,0
Roubo (art. 157),3523305,Itariri,0.515,-0.0622,0.4529,Não significativo,0
Roubo (art. 157),3523404,Itatiba,1.447,0.1309,0.5582,Não significativo,0
Roubo (art. 157),3523503,Itatinga,0.42,0.0713,0.4229,Não significativo,0
Roubo (art. 157),3523602,Itirapina,0.495,-0.024,0.6695,Não significativo,0
Roubo (art. 157),3523701,Itirapuã,0.692,0.0012,0.6982,Não significativo,0
Roubo (art. 157),3523800,Itobi,0.373,0.088,0.4911,Não significativo,0
Roubo (art. 157),3523909,Itu,1.005,0.0735,0.3657,Não significativo,0
Roubo (art. 157),3524006,Itupeva,1.076,0.1835,0.1348,Não significativo,0
Roubo (art. 157),3524105,Ituverava,0.772,-0.011,0.6062,Não significativo,0
Roubo (art. 157),3524204,Jaborandi,0.161,0.0494,0.8147,Não significativo,0
Roubo (art. 157),3524303,Jaboticabal,1.183,-0.0419,0.7452,Não significativo,0
Roubo (art. 157),3524402,Jacareí,1.215,0.1219,0.4663,Não significativo,0
Roubo (art. 157),3524501,Jaci,0,0.2059,0.4542,Não significativo,0
Roubo (art. 157),3524600,Jacupiranga,0.373,-0.0103,0.922,Não significativo,0
Roubo (art. 157),3524709,Jaguariúna,1.331,0.2308,0.3041,Não significativo,0
Roubo (art. 157),3524808,Jales,0.308,0.1564,0.1484,Não significativo,0
Roubo (art. 157),3524907,Jambeiro,0.313,-0.0545,0.6602,Não significativo,0
Roubo (art. 157),3525003,Jandira,2.414,4.2083,0,Alto-Alto,0
Roubo (art. 157),3525102,Jardinópolis,1.745,0.0692,0.8356,Não significativo,0
Roubo (art. 157),3525201,Jarinu,1.226,0.2645,0.1585,Não significativo,0
Roubo (art. 157),3525300,Jaú,0.33,0.1084,0.2595,Não significativo,0
Roubo (art. 157),3525409,Jeriquara,0,0.0914,0.7093,Não significativo,0
Roubo (art. 157),3525508,Joanópolis,0.312,0.005,0.9769,Não significativo,0
Roubo (art. 157),3525607,João Ramalho,0,0.2343,0.4611,Não significativo,0
Roubo (art. 157),3525706,José Bonifácio,0.328,0.1081,0.2382,Não significativo,0
Roubo (art. 157),3525805,Júlio Mesquita,0,0.1558,0.5258,Não significativo,0
Roubo (art. 157),3525854,Jumirim,0.654,-0.0025,0.8966,Não significativo,0
Roubo (art. 157),3525904,Jundiaí,1.681,0.5048,0.0395,Alto-Alto,0
Roubo (art. 157),3526001,Junqueirópolis,0.098,0.253,0.1072,Não significativo,0
Roubo (art. 157),3526100,Juquiá,0.874,0.08,0.2045,Não significativo,0
Roubo (art. 157),3526209,Juquitiba,4.415,7.3757,0,Alto-Alto,0
Roubo (art. 157),3526308,Lagoinha,0.197,-0.1934,0.2306,Não significativo,0
Roubo (art. 157),3526407,Laranjal Paulista,0.724,0.001,0.9032,Não significativo,0
Roubo (art. 157),3526506,Lavínia,0,0.2122,0.344,Não significativo,0
Roubo (art. 157),3526605,Lavrinhas,1.534,0.0214,0.9541,Não significativo,0
Roubo (art. 157),3526704,Leme,1.212,0.1512,0.4072,Não significativo,0
Roubo (art. 157),3526803,Lençóis Paulista,0.301,0.0991,0.3394,Não significativo,0
Roubo (art. 157),3526902,Limeira,1.833,0.2626,0.3776,Não significativo,0
Roubo (art. 157),3527009,Lindóia,0.285,0.0647,0.6902,Não significativo,0
Roubo (art. 157),3527108,Lins,0.308,0.1051,0.4434,Não significativo,0
Roubo (art. 157),3527207,Lorena,1.285,0.145,0.4451,Não significativo,0
Roubo (art. 157),3527256,Lourdes,0,0.286,0.2987,Não significativo,0
Roubo (art. 157),3527306,Louveira,1.119,0.1726,0.3727,Não significativo,0
Roubo (art. 157),3527405,Lucélia,0.15,0.222,0.1729,Não significativo,0
Roubo (art. 157),3527504,Lucianópolis,0,0.1375,0.5392,Não significativo,0
Roubo (art. 157),3527603,Luís Antônio,1.06,-0.0062,0.9559,Não significativo,0
Roubo (art. 157),3527702,Luiziânia,0.213,0.1439,0.3177,Não significativo,0
Roubo (art. 157),3527801,Lupércio,0,0.269,0.274,Não significativo,0
Roubo (art. 157),3527900,Lutécia,0.376,0.1095,0.2515,Não significativo,0
Roubo (art. 157),3528007,Macatuba,0.238,0.1077,0.4657,Não significativo,0
Roubo (art. 157),3528106,Macaubal,0,0.2288,0.3075,Não significativo,0
Roubo (art. 157),3528205,Macedônia,0,0.2312,0.3026,Não significativo,0
Roubo (art. 157),3528304,Magda,0.316,0.1375,0.1946,Não significativo,0
Roubo (art. 157),3528403,Mairinque,1.279,0.1914,0.3531,Não significativo,0
Roubo (art. 157),3528502,Mairiporã,2.429,3.2818,0,Alto-Alto,0
Roubo (art. 157),3528601,Manduri,0,0.2358,0.3914,Não significativo,0
Roubo (art. 157),3528700,Marabá Paulista,0,0.2748,0.1855,Não significativo,0
Roubo (art. 157),3528809,Maracaí,0.079,0.2329,0.2055,Não significativo,0
Roubo (art. 157),3528858,Marapoama,0,0.2311,0.4009,Não significativo,0
Roubo (art. 157),3528908,Mariápolis,0,0.2578,0.2142,Não significativo,0
Roubo (art. 157),3529005,Marília,0.366,0.109,0.1847,Não significativo,0
Roubo (art. 157),3529104,Marinópolis,0,0.305,0.3375,Não significativo,0
Roubo (art. 157),3529203,Martinópolis,0.08,0.2394,0.1013,Não significativo,0
Roubo (art. 157),3529302,Matão,0.569,0.0272,0.472,Não significativo,0
Roubo (art. 157),3529401,Mauá,4.062,12.4329,0,Alto-Alto,0
Roubo (art. 157),3529500,Mendonça,0.649,0.0158,0.2597,Não significativo,0
Roubo (art. 157),3529609,Meridiano,0.437,0.093,0.3097,Não significativo,0
Roubo (art. 157),3529658,Mesópolis,0,0.2469,0.4375,Não significativo,0
Roubo (art. 157),3529708,Miguelópolis,1.08,-0.0234,0.8784,Não significativo,0
Roubo (art. 157),3529807,Mineiros do Tietê,0.267,0.1243,0.4638,Não significativo,0
Roubo (art. 157),3529906,Miracatu,5.713,1.7813,0.2592,Não significativo,0
Roubo (art. 157),3530003,Mira Estrela,0,0.2665,0.402,Não significativo,0
Roubo (art. 157),3530102,Mirandópolis,0.179,0.1764,0.2526,Não significativo,0
Roubo (art. 157),3530201,Mirante do Paranapanema,0.063,0.2324,0.2989,Não significativo,0
Roubo (art. 157),3530300,Mirassol,0.474,0.0569,0.3902,Não significativo,0
Roubo (art. 157),3530409,Mirassolândia,0,0.1804,0.4209,Não significativo,0
Roubo (art. 157),3530508,Mococa,0.606,0.0158,0.5864,Não significativo,0
Roubo (art. 157),3530607,Mogi das Cruzes,2.233,2.9178,0,Alto-Alto,0
Roubo (art. 157),3530706,Mogi Guaçu,1.302,0.1186,0.4559,Não significativo,0
Roubo (art. 157),3530805,Mogi Mirim,1.664,0.0641,0.8353,Não significativo,0
Roubo (art. 157),3530904,Mombuca,1.343,0.0179,0.943,Não significativo,0
Roubo (art. 157),3531001,Monções,0,0.305,0.2149,Não significativo,0
Roubo (art. 157),3531100,Mongaguá,4.326,10.4011,0,Alto-Alto,1
Roubo (art. 157),3531209,Monte Alegre do Sul,0,0.1428,0.5608,Não significativo,0
Roubo (art. 157),3531308,Monte Alto,0.757,-0.0147,0.3888,Não significativo,0
Roubo (art. 157),3531407,Monte Aprazível,0.359,0.1254,0.1567,Não significativo,0
Roubo (art. 157),3531506,Monte Azul Paulista,0.055,0.1675,0.4594,Não significativo,0
Roubo (art. 157),3531605,Monte Castelo,0,0.2909,0.2369,Não significativo,0
Roubo (art. 157),3531704,Monteiro Lobato,0.967,0.0729,0.4046,Não significativo,0
Roubo (art. 157),3531803,Monte Mor,1.284,0.3582,0.0413,Alto-Alto,0
Roubo (art. 157),3531902,Morro Agudo,0.967,-0.0404,0.5514,Não significativo,0
Roubo (art. 157),3532009,Morungaba,0.146,-0.2098,0.2381,Não significativo,0
Roubo (art. 157),3532058,Motuca,0.496,0.0273,0.6993,Não significativo,0
Roubo (art. 157),3532108,Murutinga do Sul,0.268,0.1665,0.3947,Não significativo,0
Roubo (art. 157),3532157,Nantes,0,0.2383,0.3864,Não significativo,0
Roubo (art. 157),3532207,Narandiba,0,0.2469,0.4375,Não significativo,0
Roubo (art. 157),3532306,Natividade da Serra,0.429,-0.0665,0.4822,Não significativo,0
Roubo (art. 157),3532405,Nazaré Paulista,1.757,0.8228,0.0162,Alto-Alto,0
Roubo (art. 157),3532504,Neves Paulista,0.103,0.155,0.4172,Não significativo,0
Roubo (art. 157),3532603,Nhandeara,0,0.2657,0.2004,Não significativo,0
Roubo (art. 157),3532702,Nipoã,0.211,0.1225,0.4747,Não significativo,0
Roubo (art. 157),3532801,Nova Aliança,0,0.1552,0.4885,Não significativo,0
Roubo (art. 157),3532827,Nova Campina,0.471,0.0572,0.4721,Não significativo,0
Roubo (art. 157),3532843,Nova Canaã Paulista,0.492,0.0754,0.3501,Não significativo,0
Roubo (art. 157),3532868,Nova Castilho,0,0.2603,0.2898,Não significativo,0
Roubo (art. 157),3532900,Nova Europa,0.107,0.1313,0.5279,Não significativo,0
Roubo (art. 157),3533007,Nova Granada,0.515,0.0682,0.2068,Não significativo,0
Roubo (art. 157),3533106,Nova Guataporanga,0,0.2981,0.2787,Não significativo,0
Roubo (art. 157),3533205,Nova Independência,0,0.2539,0.2577,Não significativo,0
Roubo (art. 157),3533254,Novais,0,0.2279,0.4735,Não significativo,0
Roubo (art. 157),3533304,Nova Luzitânia,0,0.305,0.174,Não significativo,0
Roubo (art. 157),3533403,Nova Odessa,1.032,0.1279,0.3365,Não significativo,0
Roubo (art. 157),3533502,Novo Horizonte,0.104,0.2043,0.1456,Não significativo,0
Roubo (art. 157),3533601,Nuporanga,0.541,0.0241,0.6299,Não significativo,0
Roubo (art. 157),3533700,Ocauçu,0,0.2433,0.3764,Não significativo,0
Roubo (art. 157),3533809,Óleo,0,0.248,0.3131,Não significativo,0
Roubo (art. 157),3533908,Olímpia,0.327,0.1197,0.2449,Não significativo,0
Roubo (art. 157),3534005,Onda Verde,0.21,0.0894,0.6024,Não significativo,0
Roubo (art. 157),3534104,Oriente,0.164,0.1464,0.4862,Não significativo,0
Roubo (art. 157),3534203,Orindiúva,0,0.1822,0.5076,Não significativo,0
Roubo (art. 157),3534302,Orlândia,0.313,0.0297,0.8441,Não significativo,0
Roubo (art. 157),3534401,Osasco,5.591,15.8774,0,Alto-Alto,0
Roubo (art. 157),3534500,Oscar Bressane,0,0.1725,0.5302,Não significativo,0
Roubo (art. 157),3534609,Osvaldo Cruz,0.192,0.1741,0.2469,Não significativo,0
Roubo (art. 157),3534708,Ourinhos,0.539,0.0354,0.5683,Não significativo,0
Roubo (art. 157),3534757,Ouroeste,0.097,0.1918,0.418,Não significativo,0
Roubo (art. 157),3534807,Ouro Verde,0,0.2777,0.2589,Não significativo,0
Roubo (art. 157),3534906,Pacaembu,0,0.2893,0.2394,Não significativo,0
Roubo (art. 157),3535002,Palestina,0.087,0.2167,0.1755,Não significativo,0
Roubo (art. 157),3535101,Palmares Paulista,0.207,0.1686,0.3294,Não significativo,0
Roubo (art. 157),3535200,Palmeira d'Oeste,0,0.2202,0.1819,Não significativo,0
Roubo (art. 157),3535309,Palmital,0.357,0.1301,0.4013,Não significativo,0
Roubo (art. 157),3535408,Panorama,0.067,0.2672,0.1877,Não significativo,0
Roubo (art. 157),3535507,Paraguaçu Paulista,0.122,0.1951,0.2543,Não significativo,0
Roubo (art. 157),3535606,Paraibuna,0.396,-0.0139,0.8867,Não significativo,0
Roubo (art. 157),3535705,Paraíso,0.164,0.1817,0.2894,Não significativo,0
Roubo (art. 157),3535804,Paranapanema,0.309,0.0957,0.4429,Não significativo,0
Roubo (art. 157),3535903,Paranapuã,0,0.2286,0.308,Não significativo,0
Roubo (art. 157),3536000,Parapuã,0.189,0.1797,0.2347,Não significativo,0
Roubo (art. 157),3536109,Pardinho,0.419,0.0662,0.6008,Não significativo,0
Roubo (art. 157),3536208,Pariquera-Açu,0.364,0.0631,0.6304,Não significativo,0
Roubo (art. 157),3536257,Parisi,0,0.2521,0.3053,Não significativo,0
Roubo (art. 157),3536307,Patrocínio Paulista,0.207,0.0369,0.848,Não significativo,0
Roubo (art. 157),3536406,Paulicéia,0,0.2867,0.2974,Não significativo,0
Roubo (art. 157),3536505,Paulínia,0.941,0.1434,0.0503,Não significativo,0
Roubo (art. 157),3536570,Paulistânia,0,0.1867,0.4972,Não significativo,0
Roubo (art. 157),3536604,Paulo de Faria,0.135,0.2242,0.3819,Não significativo,0
Roubo (art. 157),3536703,Pederneiras,0.513,0.0417,0.3858,Não significativo,0
Roubo (art. 157),3536802,Pedra Bela,0.153,0.08,0.709,Não significativo,0
Roubo (art. 157),3536901,Pedranópolis,0,0.2312,0.3026,Não significativo,0
Roubo (art. 157),3537008,Pedregulho,0.451,0.0546,0.5286,Não significativo,0
Roubo (art. 157),3537107,Pedreira,0.487,-0.1061,0.1998,Não significativo,0
Roubo (art. 157),3537156,Pedrinhas Paulista,0,0.2935,0.3561,Não significativo,0
Roubo (art. 157),3537206,Pedro de Toledo,0.266,-0.5897,0,Baixo-Alto,0
Roubo (art. 157),3537305,Penápolis,0.292,0.1213,0.2815,Não significativo,0
Roubo (art. 157),3537404,Pereira Barreto,0.374,0.1159,0.1707,Não significativo,0
Roubo (art. 157),3537503,Pereiras,0.343,0.007,0.9547,Não significativo,0
Roubo (art. 157),3537602,Peruíbe,3.116,0.5637,0.5515,Não significativo,1
Roubo (art. 157),3537701,Piacatu,0,0.2145,0.301,Não significativo,0
Roubo (art. 157),3537800,Piedade,0.831,-0.0083,0.8619,Não significativo,0
Roubo (art. 157),3537909,Pilar do Sul,0.109,0.053,0.7782,Não significativo,0
Roubo (art. 157),3538006,Pindamonhangaba,1.469,0.0892,0.6774,Não significativo,0
Roubo (art. 157),3538105,Pindorama,0.138,0.1776,0.3679,Não significativo,0
Roubo (art. 157),3538204,Pinhalzinho,0.131,0.1199,0.5477,Não significativo,0
Roubo (art. 157),3538303,Piquerobi,0,0.2794,0.256,Não significativo,0
Roubo (art. 157),3538501,Piquete,0.4,-0.0788,0.502,Não significativo,0
Roubo (art. 157),3538600,Piracaia,0.346,-0.0785,0.4533,Não significativo,0
Roubo (art. 157),3538709,Piracicaba,1.2,0.1047,0.3598,Não significativo,0
Roubo (art. 157),3538808,Piraju,0.306,0.1385,0.1539,Não significativo,0
Roubo (art. 157),3538907,Pirajuí,0.134,0.1954,0.1626,Não significativo,0
Roubo (art. 157),3539004,Pirangi,0,0.1931,0.389,Não significativo,0
Roubo (art. 157),3539103,Pirapora do Bom Jesus,0.49,-0.0877,0.2292,Não significativo,0
Roubo (art. 157),3539202,Pirapozinho,0.079,0.2109,0.2515,Não significativo,0
Roubo (art. 157),3539301,Pirassununga,0.53,-0.0281,0.5443,Não significativo,0
Roubo (art. 157),3539400,Piratininga,0.199,0.1361,0.3955,Não significativo,0
Roubo (art. 157),3539509,Pitangueiras,0.98,-0.0167,0.8565,Não significativo,0
Roubo (art. 157),3539608,Planalto,0.684,0.0045,0.2372,Não significativo,0
Roubo (art. 157),3539707,Platina,0,0.2163,0.3346,Não significativo,0
Roubo (art. 157),3539806,Poá,6.871,22.2486,0,Alto-Alto,0
Roubo (art. 157),3539905,Poloni,0,0.1477,0.7887,Não significativo,0
Roubo (art. 157),3540002,Pompéia,0.347,0.114,0.2416,Não significativo,0
Roubo (art. 157),3540101,Pongaí,0,0.2011,0.4131,Não significativo,0
Roubo (art. 157),3540200,Pontal,0.665,-0.0049,0.6545,Não significativo,0
Roubo (art. 157),3540259,Pontalinda,0,0.2487,0.2307,Não significativo,0
Roubo (art. 157),3540309,Pontes Gestal,0,0.2559,0.3523,Não significativo,0
Roubo (art. 157),3540408,Populina,0.242,0.192,0.2851,Não significativo,0
Roubo (art. 157),3540507,Porangaba,0.287,0.0777,0.5552,Não significativo,0
Roubo (art. 157),3540606,Porto Feliz,1.186,0.0643,0.6374,Não significativo,0
Roubo (art. 157),3540705,Porto Ferreira,1.406,-0.0572,0.8403,Não significativo,0
Roubo (art. 157),3540754,Potim,0.294,-0.2369,0.1369,Não significativo,0
Roubo (art. 157),3540804,Potirendaba,0.27,0.1403,0.2697,Não significativo,0
Roubo (art. 157),3540853,Pracinha,0,0.2798,0.3092,Não significativo,0
Roubo (art. 157),3540903,Pradópolis,0.234,-0.0412,0.8226,Não significativo,0
Roubo (art. 157),3541000,Praia Grande,5.272,14.7829,0,Alto-Alto,1
Roubo (art. 157),3541059,Pratânia,0.39,0.0805,0.506,Não significativo,0
Roubo (art. 157),3541109,Presidente Alves,0,0.1665,0.5447,Não significativo,0
Roubo (art. 157),3541208,Presidente Bernardes,0,0.2577,0.184,Não significativo,0
Roubo (art. 157),3541307,Presidente Epitácio,0.101,0.2376,0.3126,Não significativo,0
Roubo (art. 157),3541406,Presidente Prudente,0.381,0.1319,0.0776,Não significativo,0
Roubo (art. 157),3541505,Presidente Venceslau,0.028,0.2773,0.1979,Não significativo,0
Roubo (art. 157),3541604,Promissão,0.37,0.0917,0.2844,Não significativo,0
Roubo (art. 157),3541653,Quadra,0.881,-0.0314,0.6328,Não significativo,0
Roubo (art. 157),3541703,Quatá,0.152,0.2079,0.236,Não significativo,0
Roubo (art. 157),3541802,Queiroz,0,0.1682,0.4936,Não significativo,0
Roubo (art. 157),3541901,Queluz,0.764,0.007,0.8219,Não significativo,0
Roubo (art. 157),3542008,Quintana,0,0.2103,0.3483,Não significativo,0
Roubo (art. 157),3542107,Rafard,0.669,-0.0048,0.65,Não significativo,0
Roubo (art. 157),3542206,Rancharia,0.21,0.1839,0.1497,Não significativo,0
Roubo (art. 157),3542305,Redenção da Serra,1.113,0.0402,0.7646,Não significativo,0
Roubo (art. 157),3542404,Regente Feijó,0.149,0.186,0.336,Não significativo,0
Roubo (art. 157),3542503,Reginópolis,0,0.1629,0.432,Não significativo,0
Roubo (art. 157),3542602,Registro,0.534,0.0299,0.5672,Não significativo,0
Roubo (art. 157),3542701,Restinga,0.312,0.0258,0.8825,Não significativo,0
Roubo (art. 157),3542800,Ribeira,0,0.275,0.3176,Não significativo,0
Roubo (art. 157),3542909,Ribeirão Bonito,0.546,0.0139,0.7559,Não significativo,0
Roubo (art. 157),3543006,Ribeirão Branco,0.483,0.0481,0.5682,Não significativo,0
Roubo (art. 157),3543105,Ribeirão Corrente,0,0.0748,0.76,Não significativo,0
Roubo (art. 157),3543204,Ribeirão do Sul,0,0.2031,0.4602,Não significativo,0
Roubo (art. 157),3543238,Ribeirão dos Índios,0,0.2785,0.2144,Não significativo,0
Roubo (art. 157),3543253,Ribeirão Grande,0.403,0.0652,0.5735,Não significativo,0
Roubo (art. 157),3543303,Ribeirão Pires,2.051,3.1771,0,Alto-Alto,0
Roubo (art. 157),3543402,Ribeirão Preto,2.028,0.0817,0.8339,Não significativo,0
Roubo (art. 157),3543501,Riversul,0.357,0.0945,0.5418,Não significativo,0
Roubo (art. 157),3543600,Rifaina,0,0.0975,0.8019,Não significativo,0
Roubo (art. 157),3543709,Rincão,0,0.0384,0.8515,Não significativo,0
Roubo (art. 157),3543808,Rinópolis,0.216,0.1816,0.339,Não significativo,0
Roubo (art. 157),3543907,Rio Claro,1.435,0.1166,0.6237,Não significativo,0
Roubo (art. 157),3544004,Rio das Pedras,0.894,0.0436,0.4952,Não significativo,0
Roubo (art. 157),3544103,Rio Grande da Serra,1.155,1.1971,0,Alto-Alto,0
Roubo (art. 157),3544202,Riolândia,0.097,0.2167,0.3603,Não significativo,0
Roubo (art. 157),3544251,Rosana,0.172,0.1999,0.4958,Não significativo,0
Roubo (art. 157),3544301,Roseira,0.831,0.0561,0.2407,Não significativo,0
Roubo (art. 157),3544400,Rubiácea,0,0.2199,0.4241,Não significativo,0
Roubo (art. 157),3544509,Rubinéia,0,0.2593,0.2917,Não significativo,0
Roubo (art. 157),3544608,Sabino,0.196,0.137,0.3581,Não significativo,0
Roubo (art. 157),3544707,Sagres,0,0.2646,0.2819,Não significativo,0
Roubo (art. 157),3544806,Sales,0.155,0.1468,0.4425,Não significativo,0
Roubo (art. 157),3544905,Sales Oliveira,0.351,-0.0262,0.8147,Não significativo,0
Roubo (art. 157),3545001,Salesópolis,0.592,-0.0474,0.127,Não significativo,0
Roubo (art. 157),3545100,Salmourão,0.208,0.1671,0.3328,Não significativo,0
Roubo (art. 157),3545159,Saltinho,1.47,0.1307,0.7112,Não significativo,0
Roubo (art. 157),3545209,Salto,0.491,-0.0119,0.8998,Não significativo,0
Roubo (art. 157),3545308,Salto de Pirapora,0.526,-0.0014,0.9794,Não significativo,0
Roubo (art. 157),3545407,Salto Grande,0.773,-0.0254,0.4068,Não significativo,0
Roubo (art. 157),3545506,Sandovalina,0.274,0.1611,0.2803,Não significativo,0
Roubo (art. 157),3545605,Santa Adélia,0.071,0.2054,0.3522,Não significativo,0
Roubo (art. 157),3545704,Santa Albertina,0.156,0.2135,0.2633,Não significativo,0
Roubo (art. 157),3545803,Santa Bárbara d'Oeste,0.862,0.0611,0.1876,Não significativo,0
Roubo (art. 157),3546009,Santa Branca,0.286,-0.0181,0.9018,Não significativo,0
Roubo (art. 157),3546108,Santa Clara d'Oeste,0,0.2631,0.408,Não significativo,0
Roubo (art. 157),3546207,Santa Cruz da Conceição,1.169,0.0585,0.7542,Não significativo,0
Roubo (art. 157),3546256,Santa Cruz da Esperança,0.473,-0.0014,0.9875,Não significativo,0
Roubo (art. 157),3546306,Santa Cruz das Palmeiras,0.346,0.0031,0.9774,Não significativo,0
Roubo (art. 157),3546405,Santa Cruz do Rio Pardo,0.258,0.1456,0.127,Não significativo,0
Roubo (art. 157),3546504,Santa Ernestina,0.654,0.0025,0.8951,Não significativo,0
Roubo (art. 157),3546603,Santa Fé do Sul,0.287,0.1463,0.3117,Não significativo,0
Roubo (art. 157),3546702,Santa Gertrudes,0.593,-0.0245,0.6023,Não significativo,0
Roubo (art. 157),3546801,Santa Isabel,1.316,0.6698,3e-4,Alto-Alto,0
Roubo (art. 157),3546900,Santa Lúcia,0,0.1136,0.7202,Não significativo,0
Roubo (art. 157),3547007,Santa Maria da Serra,0.381,0.0331,0.766,Não significativo,0
Roubo (art. 157),3547106,Santa Mercedes,0,0.2955,0.1878,Não significativo,0
Roubo (art. 157),3547205,Santana da Ponte Pensa,1.198,-0.2109,0.2363,Não significativo,0
Roubo (art. 157),3547304,Santana de Parnaíba,0.934,0.4122,0,Alto-Alto,0
Roubo (art. 157),3547403,Santa Rita d'Oeste,0,0.1744,0.4365,Não significativo,0
Roubo (art. 157),3547502,Santa Rita do Passa Quatro,0.483,-0.0182,0.7752,Não significativo,0
Roubo (art. 157),3547601,Santa Rosa de Viterbo,0.085,-0.0691,0.7765,Não significativo,0
Roubo (art. 157),3547650,Santa Salete,0,0.1365,0.6193,Não significativo,0
Roubo (art. 157),3547700,Santo Anastácio,0.111,0.2517,0.2235,Não significativo,0
Roubo (art. 157),3547809,Santo André,8.156,15.1302,0,Alto-Alto,0
Roubo (art. 157),3547908,Santo Antônio da Alegria,0.443,0.0447,0.6988,Não significativo,0
Roubo (art. 157),3548005,Santo Antônio de Posse,0.731,0.0039,0.7571,Não significativo,0
Roubo (art. 157),3548054,Santo Antônio do Aracanguá,0,0.2391,0.1674,Não significativo,0
Roubo (art. 157),3548104,Santo Antônio do Jardim,0.49,0.0418,0.7172,Não significativo,0
Roubo (art. 157),3548203,Santo Antônio do Pinhal,0,-0.0717,0.7962,Não significativo,0
Roubo (art. 157),3548302,Santo Expedito,0,0.2633,0.3387,Não significativo,0
Roubo (art. 157),3548401,Santópolis do Aguapeí,0.256,0.1539,0.3225,Não significativo,0
Roubo (art. 157),3548500,Santos,3.911,9.0652,0,Alto-Alto,1
Roubo (art. 157),3548609,São Bento do Sapucaí,0.086,0.0916,0.7882,Não significativo,0
Roubo (art. 157),3548708,São Bernardo do Campo,5.573,19.8446,0,Alto-Alto,0
Roubo (art. 157),3548807,São Caetano do Sul,2.348,8.4481,0,Alto-Alto,0
Roubo (art. 157),3548906,São Carlos,0.981,-0.0039,0.9568,Não significativo,0
Roubo (art. 157),3549003,São Francisco,0,0.234,0.3949,Não significativo,0
Roubo (art. 157),3549102,São João da Boa Vista,0.27,0.0608,0.6859,Não significativo,0
Roubo (art. 157),3549201,São João das Duas Pontes,0,0.2672,0.3315,Não significativo,0
Roubo (art. 157),3549250,São João de Iracema,0,0.2184,0.3301,Não significativo,0
Roubo (art. 157),3549300,São João do Pau d'Alho,0,0.2963,0.2284,Não significativo,0
Roubo (art. 157),3549409,São Joaquim da Barra,0.432,0.0074,0.9364,Não significativo,0
Roubo (art. 157),3549508,São José da Bela Vista,0.393,0.0364,0.687,Não significativo,0
Roubo (art. 157),3549607,São José do Barreiro,0.26,0.121,0.4829,Não significativo,0
Roubo (art. 157),3549706,São José do Rio Pardo,0.153,0.1481,0.3603,Não significativo,0
Roubo (art. 157),3549805,São José do Rio Preto,1.274,-0.1779,0.3415,Não significativo,0
Roubo (art. 157),3549904,São José dos Campos,1.014,0.0771,0.4525,Não significativo,0
Roubo (art. 157),3549953,São Lourenço da Serra,3.797,7.9797,0,Alto-Alto,0
Roubo (art. 157),3550001,São Luiz do Paraitinga,0.58,-0.0155,0.6783,Não significativo,0
Roubo (art. 157),3550100,São Manuel,0.322,0.1053,0.3126,Não significativo,0
Roubo (art. 157),3550209,São Miguel Arcanjo,0.531,0.0387,0.5071,Não significativo,0
Roubo (art. 157),3550308,São Paulo,9.467,23.3295,0,Alto-Alto,0
Roubo (art. 157),3550407,São Pedro,0.497,0.0064,0.9142,Não significativo,0
Roubo (art. 157),3550506,São Pedro do Turvo,0,0.2083,0.2826,Não significativo,0
Roubo (art. 157),3550605,São Roque,1.246,0.5561,7e-4,Alto-Alto,0
Roubo (art. 157),3550704,São Sebastião,1.409,0.7044,0.0309,Alto-Alto,1
Roubo (art. 157),3550803,São Sebastião da Grama,0,0.1739,0.4791,Não significativo,0
Roubo (art. 157),3550902,São Simão,1.265,-0.0419,0.8069,Não significativo,0
Roubo (art. 157),3551009,São Vicente,7.32,18.4056,0,Alto-Alto,1
Roubo (art. 157),3551108,Sarapuí,0.386,0.036,0.7185,Não significativo,0
Roubo (art. 157),3551207,Sarutaiá,0.27,0.1378,0.479,Não significativo,0
Roubo (art. 157),3551306,Sebastianópolis do Sul,0,0.2121,0.3882,Não significativo,0
Roubo (art. 157),3551405,Serra Azul,0.314,-0.0183,0.893,Não significativo,0
Roubo (art. 157),3551504,Serrana,1.253,0.0091,0.9622,Não significativo,0
Roubo (art. 157),3551603,Serra Negra,0.301,0.0866,0.5348,Não significativo,0
Roubo (art. 157),3551702,Sertãozinho,0.694,-4e-4,0.4192,Não significativo,0
Roubo (art. 157),3551801,Sete Barras,0.079,0.0706,0.7217,Não significativo,0
Roubo (art. 157),3551900,Severínia,0.137,0.1428,0.4695,Não significativo,0
Roubo (art. 157),3552007,Silveiras,0.485,-0.0293,0.6425,Não significativo,0
Roubo (art. 157),3552106,Socorro,0.299,0.1145,0.3712,Não significativo,0
Roubo (art. 157),3552205,Sorocaba,1.741,0.0804,0.7801,Não significativo,0
Roubo (art. 157),3552304,Sud Mennucci,0,0.2816,0.1748,Não significativo,0
Roubo (art. 157),3552403,Sumaré,2.304,1.0906,0.0351,Alto-Alto,0
Roubo (art. 157),3552502,Suzano,4.294,8.9034,0,Alto-Alto,0
Roubo (art. 157),3552551,Suzanápolis,0,0.2516,0.3061,Não significativo,0
Roubo (art. 157),3552601,Tabapuã,0.088,0.1994,0.2712,Não significativo,0
Roubo (art. 157),3552700,Tabatinga,0.406,0.0705,0.5386,Não significativo,0
Roubo (art. 157),3552809,Taboão da Serra,6.551,28.7643,0,Alto-Alto,0
Roubo (art. 157),3552908,Taciba,0.319,0.1543,0.2471,Não significativo,0
Roubo (art. 157),3553005,Taguaí,0.395,0.1069,0.3694,Não significativo,0
Roubo (art. 157),3553104,Taiaçu,0.176,0.1038,0.572,Não significativo,0
Roubo (art. 157),3553203,Taiúva,0.153,0.0512,0.7889,Não significativo,0
Roubo (art. 157),3553302,Tambaú,0.746,-0.0064,0.6916,Não significativo,0
Roubo (art. 157),3553401,Tanabi,0.317,0.1313,0.2827,Não significativo,0
Roubo (art. 157),3553500,Tapiraí,0.375,-0.1314,0.1709,Não significativo,0
Roubo (art. 157),3553609,Tapiratiba,0.169,0.1276,0.596,Não significativo,0
Roubo (art. 157),3553658,Taquaral,0,-0.0162,0.9545,Não significativo,0
Roubo (art. 157),3553708,Taquaritinga,0.459,0.0209,0.7365,Não significativo,0
Roubo (art. 157),3553807,Taquarituba,0.287,0.1282,0.428,Não significativo,0
Roubo (art. 157),3553856,Taquarivaí,0,0.1687,0.5954,Não significativo,0
Roubo (art. 157),3553906,Tarabai,0.306,0.1481,0.2827,Não significativo,0
Roubo (art. 157),3553955,Tarumã,0.067,0.2395,0.2814,Não significativo,0
Roubo (art. 157),3554003,Tatuí,0.928,-0.0062,0.9195,Não significativo,0
Roubo (art. 157),3554102,Taubaté,1.867,0.1823,0.5743,Não significativo,0
Roubo (art. 157),3554201,Tejupá,0,0.1626,0.5081,Não significativo,0
Roubo (art. 157),3554300,Teodoro Sampaio,0.18,0.2043,0.2628,Não significativo,0
Roubo (art. 157),3554409,Terra Roxa,0.38,0.0401,0.7194,Não significativo,0
Roubo (art. 157),3554508,Tietê,0.797,0.0185,0.4874,Não significativo,0
Roubo (art. 157),3554607,Timburi,0,0.2191,0.3728,Não significativo,0
Roubo (art. 157),3554656,Torre de Pedra,0,0.2212,0.4866,Não significativo,0
Roubo (art. 157),3554706,Torrinha,0.321,0.0581,0.6949,Não significativo,0
Roubo (art. 157),3554755,Trabiju,0.595,0.031,0.5017,Não significativo,0
Roubo (art. 157),3554805,Tremembé,0.879,0.0852,0.3094,Não significativo,0
Roubo (art. 157),3554904,Três Fronteiras,0.147,0.1039,0.5919,Não significativo,0
Roubo (art. 157),3554953,Tuiuti,0.59,0.0256,0.4941,Não significativo,0
Roubo (art. 157),3555000,Tupã,0.203,0.1595,0.3157,Não significativo,0
Roubo (art. 157),3555109,Tupi Paulista,0.063,0.2607,0.2015,Não significativo,0
Roubo (art. 157),3555208,Turiúba,0,0.258,0.1834,Não significativo,0
Roubo (art. 157),3555307,Turmalina,0,0.2354,0.2939,Não significativo,0
Roubo (art. 157),3555356,Ubarana,0,0.1322,0.6303,Não significativo,0
Roubo (art. 157),3555406,Ubatuba,1.484,0.0584,0.85,Não significativo,1
Roubo (art. 157),3555505,Ubirajara,0.195,0.1736,0.3269,Não significativo,0
Roubo (art. 157),3555604,Uchoa,0.096,0.2079,0.2824,Não significativo,0
Roubo (art. 157),3555703,União Paulista,0,0.1676,0.542,Não significativo,0
Roubo (art. 157),3555802,Urânia,0.34,0.1386,0.2273,Não significativo,0
Roubo (art. 157),3555901,Uru,0,0.279,0.3107,Não significativo,0
Roubo (art. 157),3556008,Urupês,0,0.2519,0.3056,Não significativo,0
Roubo (art. 157),3556107,Valentim Gentil,0.071,0.1934,0.381,Não significativo,0
Roubo (art. 157),3556206,Valinhos,0.981,0.2086,0.0647,Não significativo,0
Roubo (art. 157),3556305,Valparaíso,0.248,0.1477,0.3064,Não significativo,0
Roubo (art. 157),3556354,Vargem,0.666,0.0057,0.6276,Não significativo,0
Roubo (art. 157),3556404,Vargem Grande do Sul,0.473,0.0536,0.4963,Não significativo,0
Roubo (art. 157),3556453,Vargem Grande Paulista,1.547,1.5064,1e-4,Alto-Alto,0
Roubo (art. 157),3556503,Várzea Paulista,1.503,0.7057,0.1188,Não significativo,0
Roubo (art. 157),3556602,Vera Cruz,0.197,0.1691,0.3376,Não significativo,0
Roubo (art. 157),3556701,Vinhedo,0.901,0.0595,0.4643,Não significativo,0
Roubo (art. 157),3556800,Viradouro,0.459,-0.0059,0.9501,Não significativo,0
Roubo (art. 157),3556909,Vista Alegre do Alto,0.37,0.095,0.4615,Não significativo,0
Roubo (art. 157),3556958,Vitória Brasil,0,0.2597,0.3453,Não significativo,0
Roubo (art. 157),3557006,Votorantim,0.696,0,0.5427,Não significativo,0
Roubo (art. 157),3557105,Votuporanga,0.269,0.1702,0.1528,Não significativo,0
Roubo (art. 157),3557154,Zacarias,0,0.1902,0.3589,Não significativo,0
Roubo (art. 157),3557204,Chavantes,0.164,0.1849,0.3795,Não significativo,0
Roubo (art. 157),3557303,Estiva Gerbi,1.417,0.088,0.8269,Não significativo,0
Furto (art. 155),3500105,Adamantina,6.083,0.2488,0.0434,Baixo-Baixo,0
Furto (art. 155),3500204,Adolfo,5.516,-0.0534,0.7689,Não significativo,0
Furto (art. 155),3500303,Aguaí,13.251,0.3294,0.6131,Não significativo,0
Furto (art. 155),3500402,Águas da Prata,4.343,0.219,0.6718,Não significativo,0
Furto (art. 155),3500501,Águas de Lindóia,4.127,0.3436,0.4521,Não significativo,0
Furto (art. 155),3500550,Águas de Santa Bárbara,8.499,-0.0779,0.6568,Não significativo,0
Furto (art. 155),3500600,Águas de São Pedro,14.388,0.3584,0.8602,Não significativo,0
Furto (art. 155),3500709,Agudos,8.546,0.1309,0.3456,Não significativo,0
Furto (art. 155),3500758,Alambari,7.002,0.0041,0.4249,Não significativo,0
Furto (art. 155),3500808,Alfredo Marcondes,6.974,-0.0012,0.3549,Não significativo,0
Furto (art. 155),3500907,Altair,5.795,0.0612,0.6451,Não significativo,0
Furto (art. 155),3501004,Altinópolis,4.697,-0.0774,0.7311,Não significativo,0
Furto (art. 155),3501103,Alto Alegre,6.509,0.0689,0.1846,Não significativo,0
Furto (art. 155),3501152,Alumínio,11.098,0.8082,0.1603,Não significativo,0
Furto (art. 155),3501202,Álvares Florence,10.983,0.077,0.8748,Não significativo,0
Furto (art. 155),3501301,Álvares Machado,6.347,0.0304,0.6933,Não significativo,0
Furto (art. 155),3501400,Álvaro de Carvalho,8.111,-0.0288,0.8261,Não significativo,0
Furto (art. 155),3501509,Alvinlândia,4.159,0.1347,0.6987,Não significativo,0
Furto (art. 155),3501608,Americana,11.857,0.9664,0.1122,Não significativo,0
Furto (art. 155),3501707,Américo Brasiliense,10.479,0.8211,0.0937,Não significativo,0
Furto (art. 155),3501806,Américo de Campos,6.133,-0.0072,0.9452,Não significativo,0
Furto (art. 155),3501905,Amparo,6.117,0.0428,0.6311,Não significativo,0
Furto (art. 155),3502002,Analândia,10.242,0.6406,0.0854,Não significativo,0
Furto (art. 155),3502101,Andradina,8.38,-0.0466,0.7394,Não significativo,0
Furto (art. 155),3502200,Angatuba,4.204,0.0672,0.8149,Não significativo,0
Furto (art. 155),3502309,Anhembi,12.689,0.522,0.461,Não significativo,0
Furto (art. 155),3502408,Anhumas,5.966,0.0022,0.9853,Não significativo,0
Furto (art. 155),3502507,Aparecida,19.958,-1.1819,0.5181,Não significativo,0
Furto (art. 155),3502606,Aparecida d'Oeste,5.384,0.2782,0.122,Não significativo,0
Furto (art. 155),3502705,Apiaí,4.962,0.3367,0.0874,Não significativo,0
Furto (art. 155),3502754,Araçariguama,8.782,0.0466,0.8202,Não significativo,0
Furto (art. 155),3502804,Araçatuba,11.833,-0.2572,0.552,Não significativo,0
Furto (art. 155),3502903,Araçoiaba da Serra,6.966,1e-4,0.269,Não significativo,0
Furto (art. 155),3503000,Aramina,7.565,0.1464,0.0806,Não significativo,0
Furto (art. 155),3503109,Arandu,2.614,0.5106,0.465,Não significativo,0
Furto (art. 155),3503158,Arapeí,6.867,0.0158,0.4168,Não significativo,0
Furto (art. 155),3503208,Araraquara,13.434,0.148,0.7874,Não significativo,0
Furto (art. 155),3503307,Araras,10.224,0.5041,0.1152,Não significativo,0
Furto (art. 155),3503356,Arco-Íris,4.892,0.2897,0.2191,Não significativo,0
Furto (art. 155),3503406,Arealva,7.38,0.0426,0.3668,Não significativo,0
Furto (art. 155),3503505,Areias,7.269,-0.0418,0.3248,Não significativo,0
Furto (art. 155),3503604,Areiópolis,5.627,0.019,0.918,Não significativo,0
Furto (art. 155),3503703,Ariranha,4.736,0.2675,0.2537,Não significativo,0
Furto (art. 155),3503802,Artur Nogueira,7.229,0.0262,0.4269,Não significativo,0
Furto (art. 155),3503901,Arujá,8.56,0.365,0.1012,Não significativo,0
Furto (art. 155),3503950,Aspásia,2.172,0.9845,0.0987,Não significativo,0
Furto (art. 155),3504008,Assis,10.364,-0.4247,0.2371,Não significativo,0
Furto (art. 155),3504107,Atibaia,7.432,0.0226,0.6461,Não significativo,0
Furto (art. 155),3504206,Auriflama,5.405,0.1795,0.3118,Não significativo,0
Furto (art. 155),3504305,Avaí,8.253,-0.0059,0.9667,Não significativo,0
Furto (art. 155),3504404,Avanhandava,4.351,0.0525,0.8839,Não significativo,0
Furto (art. 155),3504503,Avaré,6.034,0.0561,0.4923,Não significativo,0
Furto (art. 155),3504602,Bady Bassitt,5.062,-0.2958,0.2139,Não significativo,0
Furto (art. 155),3504701,Balbinos,4.631,0.5163,0.2631,Não significativo,0
Furto (art. 155),3504800,Bálsamo,7.19,-0.0126,0.6544,Não significativo,0
Furto (art. 155),3504909,Bananal,5.417,0.1608,0.599,Não significativo,0
Furto (art. 155),3505005,Barão de Antonina,0.85,1.117,0.3531,Não significativo,0
Furto (art. 155),3505104,Barbosa,4.61,0.0717,0.8057,Não significativo,0
Furto (art. 155),3505203,Bariri,7.913,0.0768,0.4099,Não significativo,0
Furto (art. 155),3505302,Barra Bonita,9.783,0.1025,0.7688,Não significativo,0
Furto (art. 155),3505351,Barra do Chapéu,1.931,1.5059,0.0317,Baixo-Baixo,0
Furto (art. 155),3505401,Barra do Turvo,11.053,0.5196,0.3065,Não significativo,0
Furto (art. 155),3505500,Barretos,13.185,-0.0888,0.8906,Não significativo,0
Furto (art. 155),3505609,Barrinha,4.768,-0.0777,0.7786,Não significativo,0
Furto (art. 155),3505708,Barueri,11.764,1.8202,8e-4,Alto-Alto,0
Furto (art. 155),3505807,Bastos,8.464,-0.0949,0.6514,Não significativo,0
Furto (art. 155),3505906,Batatais,6.695,-0.0353,0.1588,Não significativo,0
Furto (art. 155),3506003,Bauru,13.441,-0.0222,0.9799,Não significativo,0
Furto (art. 155),3506102,Bebedouro,7.385,-0.0535,0.17,Não significativo,0
Furto (art. 155),3506201,Bento de Abreu,5.756,0.2543,0.1321,Não significativo,0
Furto (art. 155),3506300,Bernardino de Campos,9.994,-0.0257,0.9536,Não significativo,0
Furto (art. 155),3506359,Bertioga,16.311,2.722,0.0099,Alto-Alto,1
Furto (art. 155),3506409,Bilac,6.558,-0.0111,0.827,Não significativo,0
Furto (art. 155),3506508,Birigui,8.186,0.0802,0.598,Não significativo,0
Furto (art. 155),3506607,Biritiba Mirim,5.929,-0.2393,0.0986,Não significativo,0
Furto (art. 155),3506706,Boa Esperança do Sul,7.166,-2e-4,0.9908,Não significativo,0
Furto (art. 155),3506805,Bocaina,7.372,0.0229,0.6867,Não significativo,0
Furto (art. 155),3506904,Bofete,8.509,0.1249,0.3822,Não significativo,0
Furto (art. 155),3507001,Boituva,11.951,-0.0633,0.9227,Não significativo,0
Furto (art. 155),3507100,Bom Jesus dos Perdões,7.952,0.017,0.9144,Não significativo,0
Furto (art. 155),3507159,Bom Sucesso de Itararé,2.813,1.0021,0.0832,Não significativo,0
Furto (art. 155),3507209,Borá,9.923,-0.5688,0.1694,Não significativo,0
Furto (art. 155),3507308,Boracéia,9.332,0.2423,0.5249,Não significativo,0
Furto (art. 155),3507407,Borborema,7.311,0.0301,0.4449,Não significativo,0
Furto (art. 155),3507456,Borebi,12.532,-0.2638,0.7378,Não significativo,0
Furto (art. 155),3507506,Botucatu,9.493,0.1171,0.5959,Não significativo,0
Furto (art. 155),3507605,Bragança Paulista,8.223,-0.0536,0.6475,Não significativo,0
Furto (art. 155),3507704,Braúna,2.24,0.2133,0.6879,Não significativo,0
Furto (art. 155),3507753,Brejo Alegre,5.458,-0.1238,0.5574,Não significativo,0
Furto (art. 155),3507803,Brodowski,6.032,-0.0633,0.5875,Não significativo,0
Furto (art. 155),3507902,Brotas,7.699,0.0305,0.6924,Não significativo,0
Furto (art. 155),3508009,Buri,6.123,0.0541,0.5415,Não significativo,0
Furto (art. 155),3508108,Buritama,7.205,0.0096,0.7046,Não significativo,0
Furto (art. 155),3508207,Buritizal,10.56,0.5913,0.1864,Não significativo,0
Furto (art. 155),3508306,Cabrália Paulista,3.954,0.0677,0.8548,Não significativo,0
Furto (art. 155),3508405,Cabreúva,6.743,-0.0121,0.6317,Não significativo,0
Furto (art. 155),3508504,Caçapava,9.459,0.3925,0.2066,Não significativo,0
Furto (art. 155),3508603,Cachoeira Paulista,7.762,-0.0106,0.9156,Não significativo,0
Furto (art. 155),3508702,Caconde,4.737,0.4786,0.1829,Não significativo,0
Furto (art. 155),3508801,Cafelândia,4.443,-0.0081,0.978,Não significativo,0
Furto (art. 155),3508900,Caiabu,2.963,0.4809,0.3875,Não significativo,0
Furto (art. 155),3509007,Caieiras,6.219,-0.3802,3e-4,Baixo-Alto,0
Furto (art. 155),3509106,Caiuá,1.829,0.7416,0.2987,Não significativo,0
Furto (art. 155),3509205,Cajamar,10.81,0.9573,0.0284,Alto-Alto,0
Furto (art. 155),3509254,Cajati,7.785,0.0397,0.764,Não significativo,0
Furto (art. 155),3509304,Cajobi,5.146,0.3737,0.071,Não significativo,0
Furto (art. 155),3509403,Cajuru,10.869,-0.006,0.9913,Não significativo,0
Furto (art. 155),3509452,Campina do Monte Alegre,7.222,-0.007,0.867,Não significativo,0
Furto (art. 155),3509502,Campinas,17.864,1.0974,0.2428,Não significativo,0
Furto (art. 155),3509601,Campo Limpo Paulista,8.373,0.0964,0.5828,Não significativo,0
Furto (art. 155),3509700,Campos do Jordão,11.304,-0.0724,0.9079,Não significativo,0
Furto (art. 155),3509809,Campos Novos Paulista,6.751,0.0226,0.3169,Não significativo,0
Furto (art. 155),3509908,Cananéia,8.626,0.6173,0.0029,Alto-Alto,1
Furto (art. 155),3509957,Canas,10.343,-0.0474,0.9451,Não significativo,0
Furto (art. 155),3510005,Cândido Mota,9.168,-0.2232,0.4184,Não significativo,0
Furto (art. 155),3510104,Cândido Rodrigues,10.384,0.0993,0.8551,Não significativo,0
Furto (art. 155),3510153,Canitar,5.889,-0.2222,0.2014,Não significativo,0
Furto (art. 155),3510203,Capão Bonito,6.366,0.0566,0.3084,Não significativo,0
Furto (art. 155),3510302,Capela do Alto,7.303,0.0178,0.6445,Não significativo,0
Furto (art. 155),3510401,Capivari,4.933,0.1051,0.622,Não significativo,0
Furto (art. 155),3510500,Caraguatatuba,14.213,1.7613,0.0501,Não significativo,1
Furto (art. 155),3510609,Carapicuíba,9.248,0.7136,0.0251,Alto-Alto,0
Furto (art. 155),3510708,Cardoso,9.167,-0.1244,0.568,Não significativo,0
Furto (art. 155),3510807,Casa Branca,9.899,0.1418,0.644,Não significativo,0
Furto (art. 155),3510906,Cássia dos Coqueiros,6.431,-0.087,0.3133,Não significativo,0
Furto (art. 155),3511003,Castilho,5.757,0.1813,0.229,Não significativo,0
Furto (art. 155),3511102,Catanduva,8.308,-0.2903,0.0141,Alto-Baixo,0
Furto (art. 155),3511201,Catiguá,3.713,0.444,0.2726,Não significativo,0
Furto (art. 155),3511300,Cedral,9.272,0.1018,0.6965,Não significativo,0
Furto (art. 155),3511409,Cerqueira César,5.962,0.1528,0.1481,Não significativo,0
Furto (art. 155),3511508,Cerquilho,6.667,-0.0093,0.7835,Não significativo,0
Furto (art. 155),3511607,Cesário Lange,5.932,0.0596,0.6435,Não significativo,0
Furto (art. 155),3511706,Charqueada,5.858,-0.0885,0.5678,Não significativo,0
Furto (art. 155),3511904,Clementina,2.435,0.7515,0.1139,Não significativo,0
Furto (art. 155),3512001,Colina,4.49,0.1572,0.5752,Não significativo,0
Furto (art. 155),3512100,Colômbia,10.711,0.9034,0.2219,Não significativo,0
Furto (art. 155),3512209,Conchal,8.896,0.3224,0.2315,Não significativo,0
Furto (art. 155),3512308,Conchas,9.716,0.3222,0.3024,Não significativo,0
Furto (art. 155),3512407,Cordeirópolis,9.26,0.2074,0.5165,Não significativo,0
Furto (art. 155),3512506,Coroados,7.963,-0.1071,0.3469,Não significativo,0
Furto (art. 155),3512605,Coronel Macedo,2.57,0.7465,0.1344,Não significativo,0
Furto (art. 155),3512704,Corumbataí,10.012,0.4593,0.1845,Não significativo,0
Furto (art. 155),3512803,Cosmópolis,7.261,0.0611,0.0981,Não significativo,0
Furto (art. 155),3512902,Cosmorama,6.423,-0.0103,0.8685,Não significativo,0
Furto (art. 155),3513009,Cotia,10.215,0.519,0.0687,Não significativo,0
Furto (art. 155),3513108,Cravinhos,6.4,-0.023,0.7449,Não significativo,0
Furto (art. 155),3513207,Cristais Paulista,8.628,0.3548,0.1265,Não significativo,0
Furto (art. 155),3513306,Cruzália,3.795,0.6549,0.1384,Não significativo,0
Furto (art. 155),3513405,Cruzeiro,6.884,0.0052,0.6432,Não significativo,0
Furto (art. 155),3513504,Cubatão,11.434,2.8159,0,Alto-Alto,1
Furto (art. 155),3513603,Cunha,3.935,-0.0388,0.8995,Não significativo,0
Furto (art. 155),3513702,Descalvado,9.29,0.2959,0.2627,Não significativo,0
Furto (art. 155),3513801,Diadema,11.133,3.8563,0,Alto-Alto,0
Furto (art. 155),3513850,Dirce Reis,4.321,0.4649,0.1583,Não significativo,0
Furto (art. 155),3513900,Divinolândia,2.42,0.6723,0.3574,Não significativo,0
Furto (art. 155),3514007,Dobrada,3.996,0.2467,0.5039,Não significativo,0
Furto (art. 155),3514106,Dois Córregos,8.69,-0.0041,0.9823,Não significativo,0
Furto (art. 155),3514205,Dolcinópolis,3.172,0.4382,0.4062,Não significativo,0
Furto (art. 155),3514304,Dourado,5.064,-0.0246,0.9042,Não significativo,0
Furto (art. 155),3514403,Dracena,10.38,-1.1009,0.0047,Alto-Baixo,0
Furto (art. 155),3514502,Duartina,6.003,-0.0479,0.6372,Não significativo,0
Furto (art. 155),3514601,Dumont,4.963,-0.2687,0.4067,Não significativo,0
Furto (art. 155),3514700,Echaporã,5.802,0.0281,0.8176,Não significativo,0
Furto (art. 155),3514809,Eldorado,6.351,-0.0458,0.4499,Não significativo,0
Furto (art. 155),3514908,Elias Fausto,5.255,0.0587,0.7618,Não significativo,0
Furto (art. 155),3514924,Elisiário,2.868,0.5212,0.3603,Não significativo,0
Furto (art. 155),3514957,Embaúba,3.874,0.614,0.1109,Não significativo,0
Furto (art. 155),3515004,Embu das Artes,8.333,0.7403,1e-4,Alto-Alto,0
Furto (art. 155),3515103,Embu-Guaçu,7.615,0.361,1e-4,Alto-Alto,0
Furto (art. 155),3515129,Emilianópolis,1.991,1.5519,0.0122,Baixo-Baixo,0
Furto (art. 155),3515152,Engenheiro Coelho,4.804,-0.4761,0.0781,Não significativo,0
Furto (art. 155),3515186,Espírito Santo do Pinhal,5.048,-0.121,0.5809,Não significativo,0
Furto (art. 155),3515194,Espírito Santo do Turvo,3.849,-0.2036,0.6874,Não significativo,0
Furto (art. 155),3515202,Estrela d'Oeste,5.947,0.0786,0.4631,Não significativo,0
Furto (art. 155),3515301,Estrela do Norte,5.549,0.0885,0.6979,Não significativo,0
Furto (art. 155),3515350,Euclides da Cunha Paulista,3.407,0.1162,0.8672,Não significativo,0
Furto (art. 155),3515400,Fartura,4.867,0.5226,0.0114,Baixo-Baixo,0
Furto (art. 155),3515509,Fernandópolis,6.94,0.0027,0.3016,Não significativo,0
Furto (art. 155),3515608,Fernando Prestes,7.237,0.0084,0.7866,Não significativo,0
Furto (art. 155),3515657,Fernão,4.831,-0.0198,0.9555,Não significativo,0
Furto (art. 155),3515707,Ferraz de Vasconcelos,9.861,1.7464,0,Alto-Alto,0
Furto (art. 155),3515806,Flora Rica,4.035,0.7729,0.0122,Baixo-Baixo,0
Furto (art. 155),3515905,Floreal,4.025,0.4162,0.3097,Não significativo,0
Furto (art. 155),3516002,Flórida Paulista,1.235,1.0144,0.0911,Não significativo,0
Furto (art. 155),3516101,Florínea,4.934,0.2728,0.3356,Não significativo,0
Furto (art. 155),3516200,Franca,12.521,1.0725,0.0885,Não significativo,0
Furto (art. 155),3516309,Francisco Morato,7.569,0.0616,0.5272,Não significativo,0
Furto (art. 155),3516408,Franco da Rocha,8.996,0.2829,0.2638,Não significativo,0
Furto (art. 155),3516507,Gabriel Monteiro,6.153,0.068,0.5021,Não significativo,0
Furto (art. 155),3516606,Gália,10.188,-0.3129,0.326,Não significativo,0
Furto (art. 155),3516705,Garça,6.412,0.0417,0.4742,Não significativo,0
Furto (art. 155),3516804,Gastão Vidigal,7.688,-0.1593,0.0366,Alto-Baixo,0
Furto (art. 155),3516853,Gavião Peixoto,4.041,-0.3397,0.4071,Não significativo,0
Furto (art. 155),3516903,General Salgado,5.334,0.2417,0.1928,Não significativo,0
Furto (art. 155),3517000,Getulina,4.3,-0.1362,0.584,Não significativo,0
Furto (art. 155),3517109,Glicério,8.7,-0.1319,0.5437,Não significativo,0
Furto (art. 155),3517208,Guaiçara,9.165,0.1356,0.6576,Não significativo,0
Furto (art. 155),3517307,Guaimbê,9.071,0.0257,0.9204,Não significativo,0
Furto (art. 155),3517406,Guaíra,6.899,-0.0214,0.0097,Baixo-Alto,0
Furto (art. 155),3517505,Guapiaçu,5.896,-0.1338,0.2726,Não significativo,0
Furto (art. 155),3517604,Guapiara,4.569,0.0666,0.8052,Não significativo,0
Furto (art. 155),3517703,Guará,11.394,0.5793,0.2924,Não significativo,0
Furto (art. 155),3517802,Guaraçaí,4.435,0.3339,0.2093,Não significativo,0
Furto (art. 155),3517901,Guaraci,7.15,0.0114,0.6581,Não significativo,0
Furto (art. 155),3518008,Guarani d'Oeste,8.638,-0.033,0.8641,Não significativo,0
Furto (art. 155),3518107,Guarantã,7.313,-0.0667,0.1247,Não significativo,0
Furto (art. 155),3518206,Guararapes,6.121,0.1036,0.2125,Não significativo,0
Furto (art. 155),3518305,Guararema,7.876,0.0055,0.9567,Não significativo,0
Furto (art. 155),3518404,Guaratinguetá,7.192,0.0173,0.438,Não significativo,0
Furto (art. 155),3518503,Guareí,3.597,-0.0486,0.8941,Não significativo,0
Furto (art. 155),3518602,Guariba,5.494,0.1157,0.4888,Não significativo,0
Furto (art. 155),3518701,Guarujá,14.31,5.1838,3e-4,Alto-Alto,1
Furto (art. 155),3518800,Guarulhos,13.671,2.164,0.0044,Alto-Alto,0
Furto (art. 155),3518859,Guatapará,8.743,-0.0245,0.9051,Não significativo,0
Furto (art. 155),3518909,Guzolândia,4.475,0.0479,0.8888,Não significativo,0
Furto (art. 155),3519006,Herculândia,6.137,0.1137,0.2715,Não significativo,0
Furto (art. 155),3519055,Holambra,6.559,-0.0517,0.3084,Não significativo,0
Furto (art. 155),3519071,Hortolândia,10.074,0.9908,0.0481,Alto-Alto,0
Furto (art. 155),3519105,Iacanga,12.264,-0.1689,0.8022,Não significativo,0
Furto (art. 155),3519204,Iacri,3.915,0.3429,0.2842,Não significativo,0
Furto (art. 155),3519253,Iaras,3.87,-0.3274,0.3985,Não significativo,0
Furto (art. 155),3519303,Ibaté,7.396,0.1151,0.0981,Não significativo,0
Furto (art. 155),3519402,Ibirá,4.79,0.2026,0.4122,Não significativo,0
Furto (art. 155),3519501,Ibirarema,4.699,0.185,0.5118,Não significativo,0
Furto (art. 155),3519600,Ibitinga,10.761,0.3006,0.4495,Não significativo,0
Furto (art. 155),3519709,Ibiúna,7.513,0.083,0.085,Não significativo,0
Furto (art. 155),3519808,Icém,5.499,0.1636,0.4238,Não significativo,0
Furto (art. 155),3519907,Iepê,4.069,0.3114,0.44,Não significativo,0
Furto (art. 155),3520004,Igaraçu do Tietê,8.959,-0.0495,0.8603,Não significativo,0
Furto (art. 155),3520103,Igarapava,9.881,0.8088,0.0468,Alto-Alto,0
Furto (art. 155),3520202,Igaratá,9.901,0.1027,0.7771,Não significativo,0
Furto (art. 155),3520301,Iguape,9.548,1.2847,0,Alto-Alto,1
Furto (art. 155),3520400,Ilhabela,15.601,0,NA,Alto-Alto,1
Furto (art. 155),3520426,Ilha Comprida,26.455,3.2415,0.3829,Não significativo,1
Furto (art. 155),3520442,Ilha Solteira,11.194,4e-4,0.9961,Não significativo,0
Furto (art. 155),3520509,Indaiatuba,6.44,-0.0554,0.3174,Não significativo,0
Furto (art. 155),3520608,Indiana,2.75,0.2624,0.653,Não significativo,0
Furto (art. 155),3520707,Indiaporã,11.4,-0.1618,0.7969,Não significativo,0
Furto (art. 155),3520806,Inúbia Paulista,1.107,1.6028,0.0492,Baixo-Baixo,0
Furto (art. 155),3520905,Ipaussu,5.47,-0.0765,0.6831,Não significativo,0
Furto (art. 155),3521002,Iperó,5.595,-0.2616,0.094,Não significativo,0
Furto (art. 155),3521101,Ipeúna,6.88,-0.0072,0.5452,Não significativo,0
Furto (art. 155),3521150,Ipiguá,5.916,-0.1158,0.4301,Não significativo,0
Furto (art. 155),3521200,Iporanga,14.829,-0.86,0.3396,Não significativo,0
Furto (art. 155),3521309,Ipuã,10.17,0.5399,0.1381,Não significativo,0
Furto (art. 155),3521408,Iracemápolis,5.918,-0.1482,0.3117,Não significativo,0
Furto (art. 155),3521507,Irapuã,5.971,-0.0061,0.9613,Não significativo,0
Furto (art. 155),3521606,Irapuru,3.387,0.8093,0.0694,Não significativo,0
Furto (art. 155),3521705,Itaberá,4.671,0.3577,0.1702,Não significativo,0
Furto (art. 155),3521804,Itaí,4.408,0.4011,0.0739,Não significativo,0
Furto (art. 155),3521903,Itajobi,7.299,-0.0035,0.9216,Não significativo,0
Furto (art. 155),3522000,Itaju,5.252,-0.351,0.1429,Não significativo,0
Furto (art. 155),3522109,Itanhaém,27.944,22.3208,0,Alto-Alto,1
Furto (art. 155),3522158,Itaoca,3.799,-0.1728,0.7371,Não significativo,0
Furto (art. 155),3522208,Itapecerica da Serra,10.245,1.263,0.002,Alto-Alto,0
Furto (art. 155),3522307,Itapetininga,9.532,-0.1462,0.499,Não significativo,0
Furto (art. 155),3522406,Itapeva,6.687,0.0473,0.0529,Não significativo,0
Furto (art. 155),3522505,Itapevi,8.713,0.2205,0.2304,Não significativo,0
Furto (art. 155),3522604,Itapira,6.387,0.0148,0.7946,Não significativo,0
Furto (art. 155),3522653,Itapirapuã Paulista,1.626,1.8426,0.0802,Não significativo,0
Furto (art. 155),3522703,Itápolis,8.837,0.1456,0.4285,Não significativo,0
Furto (art. 155),3522802,Itaporanga,4.402,0.6203,0.0523,Não significativo,0
Furto (art. 155),3522901,Itapuí,8.2,0.21,0.2233,Não significativo,0
Furto (art. 155),3523008,Itapura,9.047,0.2413,0.472,Não significativo,0
Furto (art. 155),3523107,Itaquaquecetuba,9.115,1.0412,0,Alto-Alto,0
Furto (art. 155),3523206,Itararé,5.356,0.2757,0.1696,Não significativo,0
Furto (art. 155),3523305,Itariri,8.63,1.067,1e-4,Alto-Alto,0
Furto (art. 155),3523404,Itatiba,6.382,-0.031,0.614,Não significativo,0
Furto (art. 155),3523503,Itatinga,6.083,-0.0379,0.7067,Não significativo,0
Furto (art. 155),3523602,Itirapina,7.989,0.143,0.156,Não significativo,0
Furto (art. 155),3523701,Itirapuã,7.268,0.116,0.1715,Não significativo,0
Furto (art. 155),3523800,Itobi,4.599,0.0076,0.9801,Não significativo,0
Furto (art. 155),3523909,Itu,9.379,0.176,0.4302,Não significativo,0
Furto (art. 155),3524006,Itupeva,6.769,-0.0395,0.0768,Não significativo,0
Furto (art. 155),3524105,Ituverava,9.023,0.481,0.0175,Alto-Alto,0
Furto (art. 155),3524204,Jaborandi,3.697,-0.2567,0.5758,Não significativo,0
Furto (art. 155),3524303,Jaboticabal,9.607,-0.0476,0.8489,Não significativo,0
Furto (art. 155),3524402,Jacareí,7.854,0.0897,0.3752,Não significativo,0
Furto (art. 155),3524501,Jaci,4.86,0.1759,0.5485,Não significativo,0
Furto (art. 155),3524600,Jacupiranga,5.343,-0.148,0.4242,Não significativo,0
Furto (art. 155),3524709,Jaguariúna,12.907,1.1101,0.1324,Não significativo,0
Furto (art. 155),3524808,Jales,7.545,-0.1245,0.0294,Alto-Baixo,0
Furto (art. 155),3524907,Jambeiro,10.005,0.4427,0.1998,Não significativo,0
Furto (art. 155),3525003,Jandira,7.319,0.0838,0.0903,Não significativo,0
Furto (art. 155),3525102,Jardinópolis,9.496,0.1316,0.646,Não significativo,0
Furto (art. 155),3525201,Jarinu,6.367,-0.0547,0.4645,Não significativo,0
Furto (art. 155),3525300,Jaú,10.592,0.1045,0.7524,Não significativo,0
Furto (art. 155),3525409,Jeriquara,8.543,0.2738,0.1642,Não significativo,0
Furto (art. 155),3525508,Joanópolis,5.696,-7e-4,0.998,Não significativo,0
Furto (art. 155),3525607,João Ramalho,3.889,0.1284,0.7942,Não significativo,0
Furto (art. 155),3525706,José Bonifácio,7.616,-0.0439,0.4438,Não significativo,0
Furto (art. 155),3525805,Júlio Mesquita,3.291,-0.3677,0.4248,Não significativo,0
Furto (art. 155),3525854,Jumirim,5.89,0.0573,0.7406,Não significativo,0
Furto (art. 155),3525904,Jundiaí,10.248,0.0858,0.7627,Não significativo,0
Furto (art. 155),3526001,Junqueirópolis,3.277,0.7806,0.0222,Baixo-Baixo,0
Furto (art. 155),3526100,Juquiá,13.233,0.7257,0.3497,Não significativo,0
Furto (art. 155),3526209,Juquitiba,12.735,3.2548,0,Alto-Alto,0
Furto (art. 155),3526308,Lagoinha,5.115,-0.2945,0.163,Não significativo,0
Furto (art. 155),3526407,Laranjal Paulista,4.912,-0.0656,0.7635,Não significativo,0
Furto (art. 155),3526506,Lavínia,1.548,0.6175,0.3135,Não significativo,0
Furto (art. 155),3526605,Lavrinhas,5.857,0.0441,0.8047,Não significativo,0
Furto (art. 155),3526704,Leme,7.62,0.128,0.1176,Não significativo,0
Furto (art. 155),3526803,Lençóis Paulista,6.992,9e-4,0.7132,Não significativo,0
Furto (art. 155),3526902,Limeira,11.629,0.4851,0.2592,Não significativo,0
Furto (art. 155),3527009,Lindóia,4.99,0.2246,0.4147,Não significativo,0
Furto (art. 155),3527108,Lins,11.3,0.065,0.901,Não significativo,0
Furto (art. 155),3527207,Lorena,5.81,0.0245,0.8516,Não significativo,0
Furto (art. 155),3527256,Lourdes,5.641,-0.0622,0.7376,Não significativo,0
Furto (art. 155),3527306,Louveira,6.616,-0.0384,0.4956,Não significativo,0
Furto (art. 155),3527405,Lucélia,3.589,0.8103,0.0225,Baixo-Baixo,0
Furto (art. 155),3527504,Lucianópolis,5.059,0.0269,0.8997,Não significativo,0
Furto (art. 155),3527603,Luís Antônio,4.81,-0.3409,0.1339,Não significativo,0
Furto (art. 155),3527702,Luiziânia,3.616,0.6748,0.0553,Não significativo,0
Furto (art. 155),3527801,Lupércio,4.521,0.3636,0.2325,Não significativo,0
Furto (art. 155),3527900,Lutécia,2.255,-0.0778,0.8796,Não significativo,0
Furto (art. 155),3528007,Macatuba,3.862,-0.3593,0.3109,Não significativo,0
Furto (art. 155),3528106,Macaubal,3.342,0.5806,0.1581,Não significativo,0
Furto (art. 155),3528205,Macedônia,2.523,-0.4325,0.3949,Não significativo,0
Furto (art. 155),3528304,Magda,1.58,0.66,0.2102,Não significativo,0
Furto (art. 155),3528403,Mairinque,6.736,-0.0632,0.0271,Baixo-Alto,0
Furto (art. 155),3528502,Mairiporã,8.865,0.698,0.0012,Alto-Alto,0
Furto (art. 155),3528601,Manduri,3.647,0.0358,0.9362,Não significativo,0
Furto (art. 155),3528700,Marabá Paulista,1.531,0.9153,0.108,Não significativo,0
Furto (art. 155),3528809,Maracaí,4.34,0.183,0.5063,Não significativo,0
Furto (art. 155),3528858,Marapoama,4.557,0.1648,0.6228,Não significativo,0
Furto (art. 155),3528908,Mariápolis,4.555,0.4894,0.0536,Não significativo,0
Furto (art. 155),3529005,Marília,12.271,-0.5255,0.2626,Não significativo,0
Furto (art. 155),3529104,Marinópolis,3.763,0.3797,0.461,Não significativo,0
Furto (art. 155),3529203,Martinópolis,5.144,0.3814,0.0123,Baixo-Baixo,0
Furto (art. 155),3529302,Matão,7.604,0.0369,0.583,Não significativo,0
Furto (art. 155),3529401,Mauá,10.438,2.5155,0,Alto-Alto,0
Furto (art. 155),3529500,Mendonça,8.443,-0.0896,0.5663,Não significativo,0
Furto (art. 155),3529609,Meridiano,5.031,0.293,0.2243,Não significativo,0
Furto (art. 155),3529658,Mesópolis,4.098,0.5136,0.2662,Não significativo,0
Furto (art. 155),3529708,Miguelópolis,10.853,0.4416,0.414,Não significativo,0
Furto (art. 155),3529807,Mineiros do Tietê,6.411,-0.0926,0.2321,Não significativo,0
Furto (art. 155),3529906,Miracatu,12.02,1.1511,0.0447,Alto-Alto,0
Furto (art. 155),3530003,Mira Estrela,7.358,0.0225,0.7223,Não significativo,0
Furto (art. 155),3530102,Mirandópolis,5.289,0.1604,0.3627,Não significativo,0
Furto (art. 155),3530201,Mirante do Paranapanema,9.173,-0.5057,0.067,Não significativo,0
Furto (art. 155),3530300,Mirassol,8.052,-0.0356,0.7569,Não significativo,0
Furto (art. 155),3530409,Mirassolândia,4.284,0.0803,0.7905,Não significativo,0
Furto (art. 155),3530508,Mococa,11.539,0.0475,0.9234,Não significativo,0
Furto (art. 155),3530607,Mogi das Cruzes,10.396,1.0677,8e-4,Alto-Alto,0
Furto (art. 155),3530706,Mogi Guaçu,10.452,0.4097,0.2035,Não significativo,0
Furto (art. 155),3530805,Mogi Mirim,10.901,0.0409,0.9239,Não significativo,0
Furto (art. 155),3530904,Mombuca,6.717,0.0198,0.5679,Não significativo,0
Furto (art. 155),3531001,Monções,4.13,0.3238,0.3589,Não significativo,0
Furto (art. 155),3531100,Mongaguá,34.172,32.1355,0,Alto-Alto,1
Furto (art. 155),3531209,Monte Alegre do Sul,6.259,0.0118,0.8927,Não significativo,0
Furto (art. 155),3531308,Monte Alto,6.159,0.027,0.7327,Não significativo,0
Furto (art. 155),3531407,Monte Aprazível,5.296,0.2317,0.134,Não significativo,0
Furto (art. 155),3531506,Monte Azul Paulista,4.738,0.4101,0.1397,Não significativo,0
Furto (art. 155),3531605,Monte Castelo,4.974,0.6874,0.0057,Baixo-Baixo,0
Furto (art. 155),3531704,Monteiro Lobato,4.592,-0.2575,0.342,Não significativo,0
Furto (art. 155),3531803,Monte Mor,5.753,-0.1883,0.1409,Não significativo,0
Furto (art. 155),3531902,Morro Agudo,10.525,-0.1297,0.6821,Não significativo,0
Furto (art. 155),3532009,Morungaba,6.122,-0.1189,0.216,Não significativo,0
Furto (art. 155),3532058,Motuca,4.71,-0.1526,0.5895,Não significativo,0
Furto (art. 155),3532108,Murutinga do Sul,4.817,0.1978,0.5674,Não significativo,0
Furto (art. 155),3532157,Nantes,5.263,0.2504,0.2918,Não significativo,0
Furto (art. 155),3532207,Narandiba,8.402,-0.196,0.3989,Não significativo,0
Furto (art. 155),3532306,Natividade da Serra,5.429,-0.5223,0.0065,Baixo-Alto,0
Furto (art. 155),3532405,Nazaré Paulista,8.399,0.2,0.2202,Não significativo,0
Furto (art. 155),3532504,Neves Paulista,4.64,0.0811,0.7574,Não significativo,0
Furto (art. 155),3532603,Nhandeara,3.959,0.3956,0.2103,Não significativo,0
Furto (art. 155),3532702,Nipoã,6.105,0.0895,0.4045,Não significativo,0
Furto (art. 155),3532801,Nova Aliança,3.287,0.0065,0.9846,Não significativo,0
Furto (art. 155),3532827,Nova Campina,3.295,0.6256,0.1709,Não significativo,0
Furto (art. 155),3532843,Nova Canaã Paulista,3.445,0.3394,0.488,Não significativo,0
Furto (art. 155),3532868,Nova Castilho,2.825,0.1734,0.7341,Não significativo,0
Furto (art. 155),3532900,Nova Europa,5.585,-0.09,0.6026,Não significativo,0
Furto (art. 155),3533007,Nova Granada,4.738,0.2543,0.2774,Não significativo,0
Furto (art. 155),3533106,Nova Guataporanga,2.319,1.442,0.0259,Baixo-Baixo,0
Furto (art. 155),3533205,Nova Independência,4.556,0.3194,0.2433,Não significativo,0
Furto (art. 155),3533254,Novais,2.04,0.4962,0.5297,Não significativo,0
Furto (art. 155),3533304,Nova Luzitânia,7.05,-0.0061,0.5281,Não significativo,0
Furto (art. 155),3533403,Nova Odessa,9.223,0.5657,0.0726,Não significativo,0
Furto (art. 155),3533502,Novo Horizonte,7.202,-0.0311,0.1178,Não significativo,0
Furto (art. 155),3533601,Nuporanga,4.871,-0.1801,0.4515,Não significativo,0
Furto (art. 155),3533700,Ocauçu,4.849,-0.0655,0.8262,Não significativo,0
Furto (art. 155),3533809,Óleo,6.768,-0.0077,0.7535,Não significativo,0
Furto (art. 155),3533908,Olímpia,6.537,0.0174,0.6797,Não significativo,0
Furto (art. 155),3534005,Onda Verde,7.965,0.0631,0.6126,Não significativo,0
Furto (art. 155),3534104,Oriente,4.437,-0.0793,0.824,Não significativo,0
Furto (art. 155),3534203,Orindiúva,4.482,0.475,0.1703,Não significativo,0
Furto (art. 155),3534302,Orlândia,4.958,0.0098,0.9707,Não significativo,0
Furto (art. 155),3534401,Osasco,14.514,4.2253,1e-4,Alto-Alto,0
Furto (art. 155),3534500,Oscar Bressane,6.883,0.0175,0.1278,Não significativo,0
Furto (art. 155),3534609,Osvaldo Cruz,5.34,0.4206,0.014,Baixo-Baixo,0
Furto (art. 155),3534708,Ourinhos,10.436,0.0447,0.9241,Não significativo,0
Furto (art. 155),3534757,Ouroeste,7.48,0.05,0.487,Não significativo,0
Furto (art. 155),3534807,Ouro Verde,3.471,0.3137,0.4699,Não significativo,0
Furto (art. 155),3534906,Pacaembu,3.361,1.0922,0.015,Baixo-Baixo,0
Furto (art. 155),3535002,Palestina,4.618,0.2882,0.1847,Não significativo,0
Furto (art. 155),3535101,Palmares Paulista,4.87,0.2658,0.3087,Não significativo,0
Furto (art. 155),3535200,Palmeira d'Oeste,4.718,0.4002,0.0333,Baixo-Baixo,0
Furto (art. 155),3535309,Palmital,5.665,0.1152,0.5825,Não significativo,0
Furto (art. 155),3535408,Panorama,8.688,-0.4175,0.0335,Alto-Baixo,0
Furto (art. 155),3535507,Paraguaçu Paulista,8.633,-0.1367,0.4379,Não significativo,0
Furto (art. 155),3535606,Paraibuna,9.566,0.3485,0.2383,Não significativo,0
Furto (art. 155),3535705,Paraíso,1.804,0.6175,0.2904,Não significativo,0
Furto (art. 155),3535804,Paranapanema,5.517,0.1561,0.3433,Não significativo,0
Furto (art. 155),3535903,Paranapuã,3.969,0.4268,0.2098,Não significativo,0
Furto (art. 155),3536000,Parapuã,6.049,0.1292,0.1804,Não significativo,0
Furto (art. 155),3536109,Pardinho,11.324,0.3633,0.6031,Não significativo,0
Furto (art. 155),3536208,Pariquera-Açu,6.135,-0.0729,0.5303,Não significativo,0
Furto (art. 155),3536257,Parisi,6.916,-0.0022,0.7185,Não significativo,0
Furto (art. 155),3536307,Patrocínio Paulista,11.852,0.318,0.638,Não significativo,0
Furto (art. 155),3536406,Paulicéia,3.268,0.6532,0.2046,Não significativo,0
Furto (art. 155),3536505,Paulínia,10.729,1.1123,0.0049,Alto-Alto,0
Furto (art. 155),3536570,Paulistânia,5.742,0.0966,0.5711,Não significativo,0
Furto (art. 155),3536604,Paulo de Faria,3.243,0.5528,0.356,Não significativo,0
Furto (art. 155),3536703,Pederneiras,8.7,0.2051,0.2019,Não significativo,0
Furto (art. 155),3536802,Pedra Bela,3.203,-0.0431,0.9372,Não significativo,0
Furto (art. 155),3536901,Pedranópolis,5.741,0.109,0.4338,Não significativo,0
Furto (art. 155),3537008,Pedregulho,10.306,0.8574,0.0395,Alto-Alto,0
Furto (art. 155),3537107,Pedreira,6.773,-0.057,0.0337,Baixo-Alto,0
Furto (art. 155),3537156,Pedrinhas Paulista,4.28,0.549,0.2046,Não significativo,0
Furto (art. 155),3537206,Pedro de Toledo,10.815,2.7232,0,Alto-Alto,0
Furto (art. 155),3537305,Penápolis,9.112,-0.208,0.3265,Não significativo,0
Furto (art. 155),3537404,Pereira Barreto,7.263,0.0091,0.7424,Não significativo,0
Furto (art. 155),3537503,Pereiras,6.638,0.0054,0.8949,Não significativo,0
Furto (art. 155),3537602,Peruíbe,25.061,10.3103,0,Alto-Alto,1
Furto (art. 155),3537701,Piacatu,2.537,0.7466,0.1081,Não significativo,0
Furto (art. 155),3537800,Piedade,6.154,0.0431,0.67,Não significativo,0
Furto (art. 155),3537909,Pilar do Sul,4.128,-0.0096,0.9788,Não significativo,0
Furto (art. 155),3538006,Pindamonhangaba,8.197,0.0241,0.8414,Não significativo,0
Furto (art. 155),3538105,Pindorama,6.189,0.051,0.5984,Não significativo,0
Furto (art. 155),3538204,Pinhalzinho,8.868,-0.1499,0.5293,Não significativo,0
Furto (art. 155),3538303,Piquerobi,2.757,0.9862,0.0598,Não significativo,0
Furto (art. 155),3538501,Piquete,5.765,0.005,0.9754,Não significativo,0
Furto (art. 155),3538600,Piracaia,5.724,-0.0739,0.5732,Não significativo,0
Furto (art. 155),3538709,Piracicaba,9.492,0.211,0.2959,Não significativo,0
Furto (art. 155),3538808,Piraju,6.081,0.1175,0.1306,Não significativo,0
Furto (art. 155),3538907,Pirajuí,4.681,0.2776,0.1661,Não significativo,0
Furto (art. 155),3539004,Pirangi,5.696,0.2907,0.0442,Baixo-Baixo,0
Furto (art. 155),3539103,Pirapora do Bom Jesus,4.355,-0.3106,0.3418,Não significativo,0
Furto (art. 155),3539202,Pirapozinho,6.194,0.0078,0.9228,Não significativo,0
Furto (art. 155),3539301,Pirassununga,8.185,0.1676,0.1627,Não significativo,0
Furto (art. 155),3539400,Piratininga,7.479,0.0279,0.6339,Não significativo,0
Furto (art. 155),3539509,Pitangueiras,7.157,0.0046,0.8327,Não significativo,0
Furto (art. 155),3539608,Planalto,7.519,-0.0789,0.2113,Não significativo,0
Furto (art. 155),3539707,Platina,3.636,-0.0286,0.9426,Não significativo,0
Furto (art. 155),3539806,Poá,12.47,3.0383,1e-4,Alto-Alto,0
Furto (art. 155),3539905,Poloni,4.292,0.3497,0.6396,Não significativo,0
Furto (art. 155),3540002,Pompéia,4.506,0.2362,0.3279,Não significativo,0
Furto (art. 155),3540101,Pongaí,2.062,0.5827,0.3383,Não significativo,0
Furto (art. 155),3540200,Pontal,5.557,-0.1458,0.4078,Não significativo,0
Furto (art. 155),3540259,Pontalinda,3.635,0.3375,0.334,Não significativo,0
Furto (art. 155),3540309,Pontes Gestal,4.189,0.0996,0.7954,Não significativo,0
Furto (art. 155),3540408,Populina,6.785,0.0223,0.3754,Não significativo,0
Furto (art. 155),3540507,Porangaba,8.516,-0.0461,0.7953,Não significativo,0
Furto (art. 155),3540606,Porto Feliz,6.248,-0.0637,0.3679,Não significativo,0
Furto (art. 155),3540705,Porto Ferreira,6.173,-0.0492,0.6569,Não significativo,0
Furto (art. 155),3540754,Potim,3.433,-1.0357,0.036,Baixo-Alto,0
Furto (art. 155),3540804,Potirendaba,7.623,-0.0445,0.5218,Não significativo,0
Furto (art. 155),3540853,Pracinha,2.327,1.2509,0.0528,Não significativo,0
Furto (art. 155),3540903,Pradópolis,5.738,-0.0181,0.9169,Não significativo,0
Furto (art. 155),3541000,Praia Grande,22.904,22.1736,0,Alto-Alto,1
Furto (art. 155),3541059,Pratânia,4.487,-0.0961,0.7829,Não significativo,0
Furto (art. 155),3541109,Presidente Alves,4.469,-0.0819,0.8161,Não significativo,0
Furto (art. 155),3541208,Presidente Bernardes,2.968,0.5461,0.1636,Não significativo,0
Furto (art. 155),3541307,Presidente Epitácio,7.29,-0.0582,0.2003,Não significativo,0
Furto (art. 155),3541406,Presidente Prudente,9.279,-0.4226,0.0295,Alto-Baixo,0
Furto (art. 155),3541505,Presidente Venceslau,2.983,0.6832,0.1306,Não significativo,0
Furto (art. 155),3541604,Promissão,6.604,0.0096,0.7743,Não significativo,0
Furto (art. 155),3541653,Quadra,4.699,0.0679,0.8086,Não significativo,0
Furto (art. 155),3541703,Quatá,3.039,0.0287,0.9454,Não significativo,0
Furto (art. 155),3541802,Queiroz,5.513,0.2589,0.153,Não significativo,0
Furto (art. 155),3541901,Queluz,7.315,-0.0237,0.6747,Não significativo,0
Furto (art. 155),3542008,Quintana,4.12,0.3305,0.3063,Não significativo,0
Furto (art. 155),3542107,Rafard,4.685,0.1201,0.7048,Não significativo,0
Furto (art. 155),3542206,Rancharia,7.626,-0.0794,0.1958,Não significativo,0
Furto (art. 155),3542305,Redenção da Serra,10.681,0.3922,0.3518,Não significativo,0
Furto (art. 155),3542404,Regente Feijó,7.297,-0.0425,0.3052,Não significativo,0
Furto (art. 155),3542503,Reginópolis,2.088,-0.6431,0.2123,Não significativo,0
Furto (art. 155),3542602,Registro,8.824,0.1277,0.545,Não significativo,0
Furto (art. 155),3542701,Restinga,8.901,0.5783,0.0641,Não significativo,0
Furto (art. 155),3542800,Ribeira,3.193,1.1488,0.0289,Baixo-Baixo,0
Furto (art. 155),3542909,Ribeirão Bonito,4.823,-0.2023,0.3716,Não significativo,0
Furto (art. 155),3543006,Ribeirão Branco,4.134,0.4631,0.2407,Não significativo,0
Furto (art. 155),3543105,Ribeirão Corrente,7.378,0.1101,0.0328,Alto-Alto,0
Furto (art. 155),3543204,Ribeirão do Sul,4.062,0.1644,0.6834,Não significativo,0
Furto (art. 155),3543238,Ribeirão dos Índios,1.975,1.135,0.045,Baixo-Baixo,0
Furto (art. 155),3543253,Ribeirão Grande,2.685,-0.3568,0.5529,Não significativo,0
Furto (art. 155),3543303,Ribeirão Pires,6.629,-0.1182,0.0119,Baixo-Alto,0
Furto (art. 155),3543402,Ribeirão Preto,13.234,-0.004,0.9991,Não significativo,0
Furto (art. 155),3543501,Riversul,6.43,0.0904,0.2954,Não significativo,0
Furto (art. 155),3543600,Rifaina,13.584,1.623,0.2128,Não significativo,0
Furto (art. 155),3543709,Rincão,7.474,0.0701,0.1912,Não significativo,0
Furto (art. 155),3543808,Rinópolis,4.86,0.4133,0.1594,Não significativo,0
Furto (art. 155),3543907,Rio Claro,8.837,0.1836,0.3882,Não significativo,0
Furto (art. 155),3544004,Rio das Pedras,6.895,-0.0019,0.8121,Não significativo,0
Furto (art. 155),3544103,Rio Grande da Serra,6.724,-0.0906,0.02,Baixo-Alto,0
Furto (art. 155),3544202,Riolândia,6.111,0.1112,0.3512,Não significativo,0
Furto (art. 155),3544251,Rosana,6.422,0.0819,0.446,Não significativo,0
Furto (art. 155),3544301,Roseira,7.478,0.1025,0.1097,Não significativo,0
Furto (art. 155),3544400,Rubiácea,3.333,0.586,0.2466,Não significativo,0
Furto (art. 155),3544509,Rubinéia,3.392,-0.0825,0.856,Não significativo,0
Furto (art. 155),3544608,Sabino,8.803,0.0316,0.8689,Não significativo,0
Furto (art. 155),3544707,Sagres,0.808,1.4341,0.0608,Não significativo,0
Furto (art. 155),3544806,Sales,6.059,-0.0158,0.8899,Não significativo,0
Furto (art. 155),3544905,Sales Oliveira,6.222,-0.003,0.9721,Não significativo,0
Furto (art. 155),3545001,Salesópolis,5.065,-0.5224,0.0091,Baixo-Alto,0
Furto (art. 155),3545100,Salmourão,4.16,0.6743,0.0538,Não significativo,0
Furto (art. 155),3545159,Saltinho,6.862,-0.0075,0.6545,Não significativo,0
Furto (art. 155),3545209,Salto,6.41,-0.0026,0.9773,Não significativo,0
Furto (art. 155),3545308,Salto de Pirapora,6.537,-0.0421,0.3878,Não significativo,0
Furto (art. 155),3545407,Salto Grande,9.503,-0.231,0.5161,Não significativo,0
Furto (art. 155),3545506,Sandovalina,6.036,0.068,0.5573,Não significativo,0
Furto (art. 155),3545605,Santa Adélia,5.422,0.0128,0.946,Não significativo,0
Furto (art. 155),3545704,Santa Albertina,3.285,0.9456,0.0392,Baixo-Baixo,0
Furto (art. 155),3545803,Santa Bárbara d'Oeste,8.585,0.2149,0.1775,Não significativo,0
Furto (art. 155),3546009,Santa Branca,6.655,-0.0269,0.487,Não significativo,0
Furto (art. 155),3546108,Santa Clara d'Oeste,6.159,0.1789,0.1691,Não significativo,0
Furto (art. 155),3546207,Santa Cruz da Conceição,8.417,0.2333,0.2498,Não significativo,0
Furto (art. 155),3546256,Santa Cruz da Esperança,8.507,0.062,0.7727,Não significativo,0
Furto (art. 155),3546306,Santa Cruz das Palmeiras,4.296,-0.3526,0.2473,Não significativo,0
Furto (art. 155),3546405,Santa Cruz do Rio Pardo,9.108,-0.0282,0.8667,Não significativo,0
Furto (art. 155),3546504,Santa Ernestina,3.106,0.2817,0.6489,Não significativo,0
Furto (art. 155),3546603,Santa Fé do Sul,6.812,0.0327,0.0876,Não significativo,0
Furto (art. 155),3546702,Santa Gertrudes,4.701,-0.1845,0.6149,Não significativo,0
Furto (art. 155),3546801,Santa Isabel,6.356,-0.1221,0.0573,Não significativo,0
Furto (art. 155),3546900,Santa Lúcia,6.015,-0.2604,0.0898,Não significativo,0
Furto (art. 155),3547007,Santa Maria da Serra,3.433,-0.5033,0.255,Não significativo,0
Furto (art. 155),3547106,Santa Mercedes,4.398,0.7175,0.014,Baixo-Baixo,0
Furto (art. 155),3547205,Santana da Ponte Pensa,5.988,0.2368,0.0522,Não significativo,0
Furto (art. 155),3547304,Santana de Parnaíba,5.834,-0.4112,0.0014,Baixo-Alto,0
Furto (art. 155),3547403,Santa Rita d'Oeste,2.195,0.7072,0.1909,Não significativo,0
Furto (art. 155),3547502,Santa Rita do Passa Quatro,9.262,-0.1163,0.6328,Não significativo,0
Furto (art. 155),3547601,Santa Rosa de Viterbo,5.681,-0.1574,0.381,Não significativo,0
Furto (art. 155),3547650,Santa Salete,4.255,0.477,0.2069,Não significativo,0
Furto (art. 155),3547700,Santo Anastácio,3.006,1.0191,0.0388,Baixo-Baixo,0
Furto (art. 155),3547809,Santo André,16.792,4.1875,0,Alto-Alto,0
Furto (art. 155),3547908,Santo Antônio da Alegria,4.723,-0.0645,0.8598,Não significativo,0
Furto (art. 155),3548005,Santo Antônio de Posse,4.818,-0.2708,0.3135,Não significativo,0
Furto (art. 155),3548054,Santo Antônio do Aracanguá,10.502,-0.1765,0.5737,Não significativo,0
Furto (art. 155),3548104,Santo Antônio do Jardim,2.612,0.107,0.899,Não significativo,0
Furto (art. 155),3548203,Santo Antônio do Pinhal,7.851,0,0.9992,Não significativo,0
Furto (art. 155),3548302,Santo Expedito,2.667,0.4701,0.43120000000000003,Não significativo,0
Furto (art. 155),3548401,Santópolis do Aguapeí,4.873,0.5716,0.0285,Baixo-Baixo,0
Furto (art. 155),3548500,Santos,15.628,4.8332,0,Alto-Alto,1
Furto (art. 155),3548609,São Bento do Sapucaí,3.769,-0.6544,0.3016,Não significativo,0
Furto (art. 155),3548708,São Bernardo do Campo,12.341,3.7912,0,Alto-Alto,0
Furto (art. 155),3548807,São Caetano do Sul,13.377,7.051,0,Alto-Alto,0
Furto (art. 155),3548906,São Carlos,12.862,0.6464,0.2088,Não significativo,0
Furto (art. 155),3549003,São Francisco,2.306,0.4817,0.4564,Não significativo,0
Furto (art. 155),3549102,São João da Boa Vista,8.255,-0.0459,0.7766,Não significativo,0
Furto (art. 155),3549201,São João das Duas Pontes,4.651,0.2193,0.4962,Não significativo,0
Furto (art. 155),3549250,São João de Iracema,6.501,0.0886,0.0936,Não significativo,0
Furto (art. 155),3549300,São João do Pau d'Alho,0,1.5405,0.0746,Não significativo,0
Furto (art. 155),3549409,São Joaquim da Barra,5.993,-0.1081,0.3739,Não significativo,0
Furto (art. 155),3549508,São José da Bela Vista,13.113,0.828,0.1978,Não significativo,0
Furto (art. 155),3549607,São José do Barreiro,4.412,0.2187,0.5382,Não significativo,0
Furto (art. 155),3549706,São José do Rio Pardo,6.953,0.0012,0.3545,Não significativo,0
Furto (art. 155),3549805,São José do Rio Preto,16.507,0.0464,0.9576,Não significativo,0
Furto (art. 155),3549904,São José dos Campos,8.724,0.1314,0.5109,Não significativo,0
Furto (art. 155),3549953,São Lourenço da Serra,8.029,0.2251,0.0901,Não significativo,0
Furto (art. 155),3550001,São Luiz do Paraitinga,4.547,-0.3709,0.1789,Não significativo,0
Furto (art. 155),3550100,São Manuel,7.321,0.0165,0.6384,Não significativo,0
Furto (art. 155),3550209,São Miguel Arcanjo,5.961,0.0469,0.7076,Não significativo,0
Furto (art. 155),3550308,São Paulo,25.198,6.8804,0,Alto-Alto,0
Furto (art. 155),3550407,São Pedro,7.581,0.0384,0.5538,Não significativo,0
Furto (art. 155),3550506,São Pedro do Turvo,4.018,0.016,0.953,Não significativo,0
Furto (art. 155),3550605,São Roque,8.731,0.197,0.2889,Não significativo,0
Furto (art. 155),3550704,São Sebastião,12.758,2.2239,0.017,Alto-Alto,1
Furto (art. 155),3550803,São Sebastião da Grama,3.544,0.4939,0.2461,Não significativo,0
Furto (art. 155),3550902,São Simão,8.853,0.0479,0.8081,Não significativo,0
Furto (art. 155),3551009,São Vicente,15.256,9.3638,0,Alto-Alto,1
Furto (art. 155),3551108,Sarapuí,8.487,-0.0064,0.9718,Não significativo,0
Furto (art. 155),3551207,Sarutaiá,4.05,0.4794,0.3073,Não significativo,0
Furto (art. 155),3551306,Sebastianópolis do Sul,5.112,0.08,0.7283,Não significativo,0
Furto (art. 155),3551405,Serra Azul,5.492,0.0308,0.8658,Não significativo,0
Furto (art. 155),3551504,Serrana,5.033,-0.0312,0.8987,Não significativo,0
Furto (art. 155),3551603,Serra Negra,6.657,0.0299,0.4373,Não significativo,0
Furto (art. 155),3551702,Sertãozinho,8.031,0.0719,0.5212,Não significativo,0
Furto (art. 155),3551801,Sete Barras,6.441,-0.0296,0.6206,Não significativo,0
Furto (art. 155),3551900,Severínia,4.254,0.031,0.92490000000000006,Não significativo,0
Furto (art. 155),3552007,Silveiras,5.173,0.0787,0.6753,Não significativo,0
Furto (art. 155),3552106,Socorro,4.885,0.2089,0.3768,Não significativo,0
Furto (art. 155),3552205,Sorocaba,15.711,0.4043,0.6296,Não significativo,0
Furto (art. 155),3552304,Sud Mennucci,6.254,0.047,0.5302,Não significativo,0
Furto (art. 155),3552403,Sumaré,9.476,0.6704,0.0189,Alto-Alto,0
Furto (art. 155),3552502,Suzano,11.853,1.2715,0.0132,Alto-Alto,0
Furto (art. 155),3552551,Suzanápolis,6.749,0.0045,0.8664,Não significativo,0
Furto (art. 155),3552601,Tabapuã,4.857,0.3268,0.1406,Não significativo,0
Furto (art. 155),3552700,Tabatinga,9.412,0.2362,0.4882,Não significativo,0
Furto (art. 155),3552809,Taboão da Serra,9.819,2.1923,1e-4,Alto-Alto,0
Furto (art. 155),3552908,Taciba,3.514,0.149,0.727,Não significativo,0
Furto (art. 155),3553005,Taguaí,4.815,0.4601,0.1252,Não significativo,0
Furto (art. 155),3553104,Taiaçu,2.995,0.4268,0.3868,Não significativo,0
Furto (art. 155),3553203,Taiúva,6.261,0.0031,0.9715,Não significativo,0
Furto (art. 155),3553302,Tambaú,5.132,-0.2336,0.2641,Não significativo,0
Furto (art. 155),3553401,Tanabi,8.985,-0.234,0.3102,Não significativo,0
Furto (art. 155),3553500,Tapiraí,5.378,-0.119,0.4781,Não significativo,0
Furto (art. 155),3553609,Tapiratiba,3.301,-0.2234,0.7076,Não significativo,0
Furto (art. 155),3553658,Taquaral,8.4,0.0717,0.7198,Não significativo,0
Furto (art. 155),3553708,Taquaritinga,8.611,-0.0038,0.9821,Não significativo,0
Furto (art. 155),3553807,Taquarituba,5.626,0.3199,0.0872,Não significativo,0
Furto (art. 155),3553856,Taquarivaí,3.49,0.1561,0.7788,Não significativo,0
Furto (art. 155),3553906,Tarabai,6.273,0.0839,0.3316,Não significativo,0
Furto (art. 155),3553955,Tarumã,3.763,0.1117,0.7776,Não significativo,0
Furto (art. 155),3554003,Tatuí,8.23,-0.0045,0.9708,Não significativo,0
Furto (art. 155),3554102,Taubaté,10.864,-0.0248,0.9524,Não significativo,0
Furto (art. 155),3554201,Tejupá,3.877,0.4371,0.2557,Não significativo,0
Furto (art. 155),3554300,Teodoro Sampaio,6.675,0.0318,0.3794,Não significativo,0
Furto (art. 155),3554409,Terra Roxa,3.669,0.2107,0.6064,Não significativo,0
Furto (art. 155),3554508,Tietê,7.275,-0.005,0.8619,Não significativo,0
Furto (art. 155),3554607,Timburi,3.653,0.265,0.5195,Não significativo,0
Furto (art. 155),3554656,Torre de Pedra,6.354,0.0044,0.9644,Não significativo,0
Furto (art. 155),3554706,Torrinha,5.463,0.0135,0.9478,Não significativo,0
Furto (art. 155),3554755,Trabiju,3.567,0.3411,0.5323,Não significativo,0
Furto (art. 155),3554805,Tremembé,5.003,-0.1414,0.6565,Não significativo,0
Furto (art. 155),3554904,Três Fronteiras,6.026,0.1718,0.1429,Não significativo,0
Furto (art. 155),3554953,Tuiuti,7.229,0.0032,0.9234,Não significativo,0
Furto (art. 155),3555000,Tupã,7.039,-0.0108,0.1982,Não significativo,0
Furto (art. 155),3555109,Tupi Paulista,2.649,0.7314,0.1353,Não significativo,0
Furto (art. 155),3555208,Turiúba,5.501,0.114,0.4284,Não significativo,0
Furto (art. 155),3555307,Turmalina,5.992,0.0675,0.542,Não significativo,0
Furto (art. 155),3555356,Ubarana,7.269,0.0019,0.9641,Não significativo,0
Furto (art. 155),3555406,Ubatuba,17.509,0.0545,0.9629,Não significativo,1
Furto (art. 155),3555505,Ubirajara,6.625,0.0122,0.7732,Não significativo,0
Furto (art. 155),3555604,Uchoa,5.292,0.147,0.4395,Não significativo,0
Furto (art. 155),3555703,União Paulista,3.119,0.4219,0.4301,Não significativo,0
Furto (art. 155),3555802,Urânia,6,0.2302,0.0362,Baixo-Baixo,0
Furto (art. 155),3555901,Uru,3.605,0.6113,0.1917,Não significativo,0
Furto (art. 155),3556008,Urupês,5.893,0.0787,0.5561,Não significativo,0
Furto (art. 155),3556107,Valentim Gentil,4.398,0.3279,0.3051,Não significativo,0
Furto (art. 155),3556206,Valinhos,7.454,0.1115,0.1028,Não significativo,0
Furto (art. 155),3556305,Valparaíso,4.084,0.3468,0.2891,Não significativo,0
Furto (art. 155),3556354,Vargem,6.469,0.0487,0.4818,Não significativo,0
Furto (art. 155),3556404,Vargem Grande do Sul,7.301,0.0249,0.5532,Não significativo,0
Furto (art. 155),3556453,Vargem Grande Paulista,7.379,0.0731,0.2738,Não significativo,0
Furto (art. 155),3556503,Várzea Paulista,7.575,0.1121,0.3529,Não significativo,0
Furto (art. 155),3556602,Vera Cruz,5.896,-0.0224,0.8674,Não significativo,0
Furto (art. 155),3556701,Vinhedo,8.479,-0.019,0.9296,Não significativo,0
Furto (art. 155),3556800,Viradouro,4.651,-0.0397,0.9039,Não significativo,0
Furto (art. 155),3556909,Vista Alegre do Alto,2.466,0.7295,0.2438,Não significativo,0
Furto (art. 155),3556958,Vitória Brasil,4.459,0.2556,0.4641,Não significativo,0
Furto (art. 155),3557006,Votorantim,7.88,0.1748,0.1259,Não significativo,0
Furto (art. 155),3557105,Votuporanga,7.409,-0.0536,0.2205,Não significativo,0
Furto (art. 155),3557154,Zacarias,5.201,-0.0298,0.8744,Não significativo,0
Furto (art. 155),3557204,Chavantes,9.254,-0.1678,0.6013,Não significativo,0
Furto (art. 155),3557303,Estiva Gerbi,5.666,-0.0799,0.7566,Não significativo,0
Lesão corporal (art. 129),3500105,Adamantina,4.411,-0.0084,0.6657,Não significativo,0
Lesão corporal (art. 129),3500204,Adolfo,7.814,3.5542,7e-4,Alto-Alto,0
Lesão corporal (art. 129),3500303,Aguaí,4.459,-0.0017,0.9496,Não significativo,0
Lesão corporal (art. 129),3500402,Águas da Prata,5.157,-0.0119,0.9765,Não significativo,0
Lesão corporal (art. 129),3500501,Águas de Lindóia,4.406,-0.0175,0.3935,Não significativo,0
Lesão corporal (art. 129),3500550,Águas de Santa Bárbara,5.155,-0.11,0.6221,Não significativo,0
Lesão corporal (art. 129),3500600,Águas de São Pedro,4.676,-0.0061,0.9781,Não significativo,0
Lesão corporal (art. 129),3500709,Agudos,4.246,-0.013,0.5723,Não significativo,0
Lesão corporal (art. 129),3500758,Alambari,2.605,0.1825,0.7561,Não significativo,0
Lesão corporal (art. 129),3500808,Alfredo Marcondes,7.199,2.2187,0.0212,Alto-Alto,0
Lesão corporal (art. 129),3500907,Altair,4.926,0.2658,0.0937,Não significativo,0
Lesão corporal (art. 129),3501004,Altinópolis,3.151,-0.0582,0.8429,Não significativo,0
Lesão corporal (art. 129),3501103,Alto Alegre,2.343,0.3893,0.4814,Não significativo,0
Lesão corporal (art. 129),3501152,Alumínio,3.352,0.3336,0.3266,Não significativo,0
Lesão corporal (art. 129),3501202,Álvares Florence,4.598,0.1654,0.0259,Alto-Alto,0
Lesão corporal (art. 129),3501301,Álvares Machado,4.073,-0.1081,0.2056,Não significativo,0
Lesão corporal (art. 129),3501400,Álvaro de Carvalho,4.16,-0.1215,0.0238,Baixo-Alto,0
Lesão corporal (art. 129),3501509,Alvinlândia,4.506,0.119,0.0102,Alto-Alto,0
Lesão corporal (art. 129),3501608,Americana,3.22,0.4652,0.1762,Não significativo,0
Lesão corporal (art. 129),3501707,Américo Brasiliense,4.27,0.0519,0.0687,Não significativo,0
Lesão corporal (art. 129),3501806,Américo de Campos,4.6,0.0926,0.2163,Não significativo,0
Lesão corporal (art. 129),3501905,Amparo,4.058,0.0768,0.3111,Não significativo,0
Lesão corporal (art. 129),3502002,Analândia,3.487,0.1097,0.6464,Não significativo,0
Lesão corporal (art. 129),3502101,Andradina,4.416,-0.0018,0.9057,Não significativo,0
Lesão corporal (art. 129),3502200,Angatuba,3.705,0.0737,0.6566,Não significativo,0
Lesão corporal (art. 129),3502309,Anhembi,5.464,0.1685,0.6157,Não significativo,0
Lesão corporal (art. 129),3502408,Anhumas,7.209,2.2786,0.0083,Alto-Alto,0
Lesão corporal (art. 129),3502507,Aparecida,5.926,-0.337,0.5306,Não significativo,0
Lesão corporal (art. 129),3502606,Aparecida d'Oeste,5.384,0.0484,0.8634,Não significativo,0
Lesão corporal (art. 129),3502705,Apiaí,3.864,0.3433,0.0035,Baixo-Baixo,0
Lesão corporal (art. 129),3502754,Araçariguama,4.321,0.0094,0.2992,Não significativo,0
Lesão corporal (art. 129),3502804,Araçatuba,4.592,-0.113,0.0269,Alto-Baixo,0
Lesão corporal (art. 129),3502903,Araçoiaba da Serra,3.144,0.3339,0.3623,Não significativo,0
Lesão corporal (art. 129),3503000,Aramina,5.166,-0.3103,0.2623,Não significativo,0
Lesão corporal (art. 129),3503109,Arandu,3.05,-0.5982,0.2441,Não significativo,0
Lesão corporal (art. 129),3503158,Arapeí,6.867,0.4756,0.6912,Não significativo,0
Lesão corporal (art. 129),3503208,Araraquara,4.174,0.1005,0.0091,Baixo-Baixo,0
Lesão corporal (art. 129),3503307,Araras,4.768,-0.1173,0.2382,Não significativo,0
Lesão corporal (art. 129),3503356,Arco-Íris,5.382,0.4436,0.1192,Não significativo,0
Lesão corporal (art. 129),3503406,Arealva,4.428,0.0349,0.09,Não significativo,0
Lesão corporal (art. 129),3503505,Areias,6.71,-0.0802,0.9241,Não significativo,0
Lesão corporal (art. 129),3503604,Areiópolis,3.258,-0.2286,0.5412,Não significativo,0
Lesão corporal (art. 129),3503703,Ariranha,3.946,0.0559,0.5922,Não significativo,0
Lesão corporal (art. 129),3503802,Artur Nogueira,4.217,0.0729,0.0796,Não significativo,0
Lesão corporal (art. 129),3503901,Arujá,4.649,-0.1042,0.2998,Não significativo,0
Lesão corporal (art. 129),3503950,Aspásia,3.8,0.0055,0.9729,Não significativo,0
Lesão corporal (art. 129),3504008,Assis,4.822,-0.0266,0.8261,Não significativo,0
Lesão corporal (art. 129),3504107,Atibaia,3.568,0.1558,0.4384,Não significativo,0
Lesão corporal (art. 129),3504206,Auriflama,5.039,0.4401,0.0205,Alto-Alto,0
Lesão corporal (art. 129),3504305,Avaí,6.692,0.9461,0.1127,Não significativo,0
Lesão corporal (art. 129),3504404,Avanhandava,3.285,0.1979,0.5846,Não significativo,0
Lesão corporal (art. 129),3504503,Avaré,4.86,0.0939,0.3854,Não significativo,0
Lesão corporal (art. 129),3504602,Bady Bassitt,3.338,-0.2295,0.4588,Não significativo,0
Lesão corporal (art. 129),3504701,Balbinos,14.15,-0.2311,0.9717,Não significativo,0
Lesão corporal (art. 129),3504800,Bálsamo,4.273,-0.0084,0.7316,Não significativo,0
Lesão corporal (art. 129),3504909,Bananal,3.812,-0.4871,0.0622,Não significativo,0
Lesão corporal (art. 129),3505005,Barão de Antonina,2.549,0.03,0.9703,Não significativo,0
Lesão corporal (art. 129),3505104,Barbosa,4.787,-0.1553,0.2389,Não significativo,0
Lesão corporal (art. 129),3505203,Bariri,6.14,0.523,0.2197,Não significativo,0
Lesão corporal (art. 129),3505302,Barra Bonita,2.708,-0.0843,0.8692,Não significativo,0
Lesão corporal (art. 129),3505351,Barra do Chapéu,1.545,1.2489,0.1881,Não significativo,0
Lesão corporal (art. 129),3505401,Barra do Turvo,3.345,0.0027,0.9911,Não significativo,0
Lesão corporal (art. 129),3505500,Barretos,4.588,0.0968,0.0847,Não significativo,0
Lesão corporal (art. 129),3505609,Barrinha,3.708,0.2515,0.1998,Não significativo,0
Lesão corporal (art. 129),3505708,Barueri,3.918,0.1777,0.1412,Não significativo,0
Lesão corporal (art. 129),3505807,Bastos,3.116,-0.1544,0.7157,Não significativo,0
Lesão corporal (art. 129),3505906,Batatais,3.133,0.0736,0.7866,Não significativo,0
Lesão corporal (art. 129),3506003,Bauru,5.204,0.2572,0.2375,Não significativo,0
Lesão corporal (art. 129),3506102,Bebedouro,4.295,0.0072,0.5893,Não significativo,0
Lesão corporal (art. 129),3506201,Bento de Abreu,2.302,-0.1966,0.7813,Não significativo,0
Lesão corporal (art. 129),3506300,Bernardino de Campos,5.342,-0.4482,0.1831,Não significativo,0
Lesão corporal (art. 129),3506359,Bertioga,7.104,0.2395,0.7475,Não significativo,1
Lesão corporal (art. 129),3506409,Bilac,3.143,0.2682,0.4645,Não significativo,0
Lesão corporal (art. 129),3506508,Birigui,4.135,0.055,0.4082,Não significativo,0
Lesão corporal (art. 129),3506607,Biritiba Mirim,4.346,-0.0038,0.155,Não significativo,0
Lesão corporal (art. 129),3506706,Boa Esperança do Sul,4.238,-0.0225,0.3902,Não significativo,0
Lesão corporal (art. 129),3506805,Bocaina,4.885,0.0542,0.7633,Não significativo,0
Lesão corporal (art. 129),3506904,Bofete,3.346,0.1322,0.5594,Não significativo,0
Lesão corporal (art. 129),3507001,Boituva,3.978,0.1874,0.1009,Não significativo,0
Lesão corporal (art. 129),3507100,Bom Jesus dos Perdões,3.454,0.4013,0.2559,Não significativo,0
Lesão corporal (art. 129),3507159,Bom Sucesso de Itararé,3.657,0.301,0.2037,Não significativo,0
Lesão corporal (art. 129),3507209,Borá,4.41,0.0026,0.8924,Não significativo,0
Lesão corporal (art. 129),3507308,Boracéia,8.059,2.1712,0.1325,Não significativo,0
Lesão corporal (art. 129),3507407,Borborema,4.499,0.0623,0.1218,Não significativo,0
Lesão corporal (art. 129),3507456,Borebi,4.423,-0.002,0.931,Não significativo,0
Lesão corporal (art. 129),3507506,Botucatu,5.752,0.2308,0.4378,Não significativo,0
Lesão corporal (art. 129),3507605,Bragança Paulista,3.806,0.193,0.1186,Não significativo,0
Lesão corporal (art. 129),3507704,Braúna,1.867,0.531,0.4367,Não significativo,0
Lesão corporal (art. 129),3507753,Brejo Alegre,3.119,0.242,0.5627,Não significativo,0
Lesão corporal (art. 129),3507803,Brodowski,3.651,0.2738,0.1995,Não significativo,0
Lesão corporal (art. 129),3507902,Brotas,3.389,0.1805,0.4642,Não significativo,0
Lesão corporal (art. 129),3508009,Buri,4.049,1e-4,0.9986,Não significativo,0
Lesão corporal (art. 129),3508108,Buritama,3.951,0.0033,0.9736,Não significativo,0
Lesão corporal (art. 129),3508207,Buritizal,3.673,-0.0063,0.9769,Não significativo,0
Lesão corporal (art. 129),3508306,Cabrália Paulista,3.257,-0.1514,0.6517,Não significativo,0
Lesão corporal (art. 129),3508405,Cabreúva,3.68,0.1952,0.2955,Não significativo,0
Lesão corporal (art. 129),3508504,Caçapava,3.337,0.4191,0.1744,Não significativo,0
Lesão corporal (art. 129),3508603,Cachoeira Paulista,3.041,0.5713,0.1514,Não significativo,0
Lesão corporal (art. 129),3508702,Caconde,3.567,0.4237,0.1704,Não significativo,0
Lesão corporal (art. 129),3508801,Cafelândia,3.182,-1.1929,1e-4,Baixo-Alto,0
Lesão corporal (art. 129),3508900,Caiabu,4.58,0.0076,0.9205,Não significativo,0
Lesão corporal (art. 129),3509007,Caieiras,3.546,0.0104,0.9684,Não significativo,0
Lesão corporal (art. 129),3509106,Caiuá,4.025,0.0264,0.8127,Não significativo,0
Lesão corporal (art. 129),3509205,Cajamar,4.164,0.0441,0.4024,Não significativo,0
Lesão corporal (art. 129),3509254,Cajati,4.208,0.0135,0.8132,Não significativo,0
Lesão corporal (art. 129),3509304,Cajobi,4.927,-0.1105,0.4879,Não significativo,0
Lesão corporal (art. 129),3509403,Cajuru,4.322,9e-4,0.9037,Não significativo,0
Lesão corporal (art. 129),3509452,Campina do Monte Alegre,4.535,-0.0218,0.76,Não significativo,0
Lesão corporal (art. 129),3509502,Campinas,3.866,0.2004,0.0549,Não significativo,0
Lesão corporal (art. 129),3509601,Campo Limpo Paulista,3.748,0.206,0.263,Não significativo,0
Lesão corporal (art. 129),3509700,Campos do Jordão,5.876,-0.8877,0.087,Não significativo,0
Lesão corporal (art. 129),3509809,Campos Novos Paulista,1.841,-0.0201,0.9807,Não significativo,0
Lesão corporal (art. 129),3509908,Cananéia,5.696,0.2959,0.4663,Não significativo,1
Lesão corporal (art. 129),3509957,Canas,2.434,0.8929,0.3325,Não significativo,0
Lesão corporal (art. 129),3510005,Cândido Mota,3.565,-0.0922,0.7022,Não significativo,0
Lesão corporal (art. 129),3510104,Cândido Rodrigues,3.461,0.1537,0.6603,Não significativo,0
Lesão corporal (art. 129),3510153,Canitar,5.411,0.1886,0.6486,Não significativo,0
Lesão corporal (art. 129),3510203,Capão Bonito,3.539,0.1868,0.3091,Não significativo,0
Lesão corporal (art. 129),3510302,Capela do Alto,3.805,0.1695,0.2651,Não significativo,0
Lesão corporal (art. 129),3510401,Capivari,4.174,0.0263,0.568,Não significativo,0
Lesão corporal (art. 129),3510500,Caraguatatuba,6.473,0.5778,0.3666,Não significativo,1
Lesão corporal (art. 129),3510609,Carapicuíba,3.434,0.3387,0.2783,Não significativo,0
Lesão corporal (art. 129),3510708,Cardoso,6.699,0.5906,0.2897,Não significativo,0
Lesão corporal (art. 129),3510807,Casa Branca,5.769,0.0353,0.9194,Não significativo,0
Lesão corporal (art. 129),3510906,Cássia dos Coqueiros,2.144,-0.8858,0.3091,Não significativo,0
Lesão corporal (art. 129),3511003,Castilho,4.305,-0.0023,0.8781,Não significativo,0
Lesão corporal (art. 129),3511102,Catanduva,5.026,0.0639,0.6556,Não significativo,0
Lesão corporal (art. 129),3511201,Catiguá,5.283,-0.3726,0.188,Não significativo,0
Lesão corporal (art. 129),3511300,Cedral,5.389,-0.2265,0.4318,Não significativo,0
Lesão corporal (art. 129),3511409,Cerqueira César,7.033,0.0355,0.9527,Não significativo,0
Lesão corporal (art. 129),3511508,Cerquilho,3.781,0.3636,0.022,Baixo-Baixo,0
Lesão corporal (art. 129),3511607,Cesário Lange,2.992,0.6542,0.1132,Não significativo,0
Lesão corporal (art. 129),3511706,Charqueada,4.828,-0.1057,0.5132,Não significativo,0
Lesão corporal (art. 129),3511904,Clementina,3.867,0.1694,0.1748,Não significativo,0
Lesão corporal (art. 129),3512001,Colina,4.76,-0.0362,0.7488,Não significativo,0
Lesão corporal (art. 129),3512100,Colômbia,6.336,0.4949,0.6019,Não significativo,0
Lesão corporal (art. 129),3512209,Conchal,3.309,0.2878,0.4168,Não significativo,0
Lesão corporal (art. 129),3512308,Conchas,4.661,-0.083,0.3303,Não significativo,0
Lesão corporal (art. 129),3512407,Cordeirópolis,4.895,-0.0905,0.624,Não significativo,0
Lesão corporal (art. 129),3512506,Coroados,4.259,0.0485,0.065,Não significativo,0
Lesão corporal (art. 129),3512605,Coronel Macedo,4.439,0.0192,0.416,Não significativo,0
Lesão corporal (art. 129),3512704,Corumbataí,3.099,-0.1128,0.7483,Não significativo,0
Lesão corporal (art. 129),3512803,Cosmópolis,3.714,0.238,0.2207,Não significativo,0
Lesão corporal (art. 129),3512902,Cosmorama,4.817,-0.0129,0.921,Não significativo,0
Lesão corporal (art. 129),3513009,Cotia,3.582,0.2382,0.1489,Não significativo,0
Lesão corporal (art. 129),3513108,Cravinhos,3.876,-0.0669,0.6459,Não significativo,0
Lesão corporal (art. 129),3513207,Cristais Paulista,3.667,0.1278,0.5836,Não significativo,0
Lesão corporal (art. 129),3513306,Cruzália,4.269,0.008,0.782,Não significativo,0
Lesão corporal (art. 129),3513405,Cruzeiro,4.149,0.0996,0.1527,Não significativo,0
Lesão corporal (art. 129),3513504,Cubatão,3.77,0.3201,0.1068,Não significativo,1
Lesão corporal (art. 129),3513603,Cunha,2.397,-0.2087,0.6605,Não significativo,0
Lesão corporal (art. 129),3513702,Descalvado,2.551,0.2982,0.5474,Não significativo,0
Lesão corporal (art. 129),3513801,Diadema,3.403,0.4934,0.2808,Não significativo,0
Lesão corporal (art. 129),3513850,Dirce Reis,5.556,0.605,0.0973,Não significativo,0
Lesão corporal (art. 129),3513900,Divinolândia,2.599,0.4565,0.5058,Não significativo,0
Lesão corporal (art. 129),3514007,Dobrada,2.169,1.2913,0.051,Não significativo,0
Lesão corporal (art. 129),3514106,Dois Córregos,3.631,-0.1014,0.5601,Não significativo,0
Lesão corporal (art. 129),3514205,Dolcinópolis,5.437,0.3412,0.3533,Não significativo,0
Lesão corporal (art. 129),3514304,Dourado,3.953,0.027,0.7919,Não significativo,0
Lesão corporal (art. 129),3514403,Dracena,5.322,0.2105,0.4317,Não significativo,0
Lesão corporal (art. 129),3514502,Duartina,4.056,-0.1512,0.048,Baixo-Alto,0
Lesão corporal (art. 129),3514601,Dumont,1.901,0.6981,0.4655,Não significativo,0
Lesão corporal (art. 129),3514700,Echaporã,4.029,0.0717,0.3894,Não significativo,0
Lesão corporal (art. 129),3514809,Eldorado,5.203,-0.2827,0.1659,Não significativo,0
Lesão corporal (art. 129),3514908,Elias Fausto,3.729,0.2947,0.0887,Não significativo,0
Lesão corporal (art. 129),3514924,Elisiário,2.231,-1.0602,0.1428,Não significativo,0
Lesão corporal (art. 129),3514957,Embaúba,4.305,0.0051,0.7333,Não significativo,0
Lesão corporal (art. 129),3515004,Embu das Artes,3.845,0.209,0.2269,Não significativo,0
Lesão corporal (art. 129),3515103,Embu-Guaçu,4.181,0.0292,0.6191,Não significativo,0
Lesão corporal (art. 129),3515129,Emilianópolis,5.64,0.8856,0.0233,Alto-Alto,0
Lesão corporal (art. 129),3515152,Engenheiro Coelho,2.607,0.338,0.5215,Não significativo,0
Lesão corporal (art. 129),3515186,Espírito Santo do Pinhal,3.717,0.0471,0.7883,Não significativo,0
Lesão corporal (art. 129),3515194,Espírito Santo do Turvo,3.127,-0.3088,0.5234,Não significativo,0
Lesão corporal (art. 129),3515202,Estrela d'Oeste,5.628,0.7299,0.0253,Alto-Alto,0
Lesão corporal (art. 129),3515301,Estrela do Norte,6.659,1.6822,0.0624,Não significativo,0
Lesão corporal (art. 129),3515350,Euclides da Cunha Paulista,6.31,1.5489,0.0994,Não significativo,0
Lesão corporal (art. 129),3515400,Fartura,5.228,-0.0571,0.7872,Não significativo,0
Lesão corporal (art. 129),3515509,Fernandópolis,5.001,0.235,0.1566,Não significativo,0
Lesão corporal (art. 129),3515608,Fernando Prestes,3.871,0.0419,0.7532,Não significativo,0
Lesão corporal (art. 129),3515657,Fernão,5.435,0.5972,0.1594,Não significativo,0
Lesão corporal (art. 129),3515707,Ferraz de Vasconcelos,3.538,0.3174,0.2521,Não significativo,0
Lesão corporal (art. 129),3515806,Flora Rica,6.725,1.5465,0.0107,Alto-Alto,0
Lesão corporal (art. 129),3515905,Floreal,6.952,0.054,0.9468,Não significativo,0
Lesão corporal (art. 129),3516002,Flórida Paulista,3.936,0.0938,0.3812,Não significativo,0
Lesão corporal (art. 129),3516101,Florínea,7.011,-1.2871,0.1552,Não significativo,0
Lesão corporal (art. 129),3516200,Franca,3.327,-0.1414,0.6213,Não significativo,0
Lesão corporal (art. 129),3516309,Francisco Morato,4.318,0.0037,0.7914,Não significativo,0
Lesão corporal (art. 129),3516408,Franco da Rocha,5.074,-0.1582,0.471,Não significativo,0
Lesão corporal (art. 129),3516507,Gabriel Monteiro,2.533,0.7502,0.1737,Não significativo,0
Lesão corporal (art. 129),3516606,Gália,8.777,0.5609,0.5852,Não significativo,0
Lesão corporal (art. 129),3516705,Garça,4.631,0.0877,0.2175,Não significativo,0
Lesão corporal (art. 129),3516804,Gastão Vidigal,6.458,-0.2113,0.6996,Não significativo,0
Lesão corporal (art. 129),3516853,Gavião Peixoto,2.552,0.129,0.8302,Não significativo,0
Lesão corporal (art. 129),3516903,General Salgado,3.588,-0.2415,0.2564,Não significativo,0
Lesão corporal (art. 129),3517000,Getulina,4.887,0.2249,0.0617,Não significativo,0
Lesão corporal (art. 129),3517109,Glicério,3.383,0.579,0.0495,Baixo-Baixo,0
Lesão corporal (art. 129),3517208,Guaiçara,6.228,1.0302,0.105,Não significativo,0
Lesão corporal (art. 129),3517307,Guaimbê,8.164,1.1053,0.3331,Não significativo,0
Lesão corporal (art. 129),3517406,Guaíra,5.194,0.1624,0.5238,Não significativo,0
Lesão corporal (art. 129),3517505,Guapiaçu,4.007,-0.0471,0.6253,Não significativo,0
Lesão corporal (art. 129),3517604,Guapiara,2.577,0.6911,0.1591,Não significativo,0
Lesão corporal (art. 129),3517703,Guará,4.031,-0.0045,0.9638,Não significativo,0
Lesão corporal (art. 129),3517802,Guaraçaí,2.016,-0.6402,0.288,Não significativo,0
Lesão corporal (art. 129),3517901,Guaraci,7.923,0.8488,0.4779,Não significativo,0
Lesão corporal (art. 129),3518008,Guarani d'Oeste,5.589,0.5153,0.1316,Não significativo,0
Lesão corporal (art. 129),3518107,Guarantã,10.114,-0.016,0.9963,Não significativo,0
Lesão corporal (art. 129),3518206,Guararapes,2.835,0.6067,0.0947,Não significativo,0
Lesão corporal (art. 129),3518305,Guararema,5.763,-0.265,0.5,Não significativo,0
Lesão corporal (art. 129),3518404,Guaratinguetá,3.414,0.1212,0.5888,Não significativo,0
Lesão corporal (art. 129),3518503,Guareí,3.264,0.5131,0.066,Não significativo,0
Lesão corporal (art. 129),3518602,Guariba,2.827,0.8415,0.0464,Baixo-Baixo,0
Lesão corporal (art. 129),3518701,Guarujá,3.793,-0.2624,0.3321,Não significativo,1
Lesão corporal (art. 129),3518800,Guarulhos,3.376,0.2932,0.2785,Não significativo,0
Lesão corporal (art. 129),3518859,Guatapará,5.601,-0.4946,0.1536,Não significativo,0
Lesão corporal (art. 129),3518909,Guzolândia,8.243,-0.4957,0.7126,Não significativo,0
Lesão corporal (art. 129),3519006,Herculândia,3.945,-0.1154,0.3537,Não significativo,0
Lesão corporal (art. 129),3519055,Holambra,2.319,0.4157,0.4981,Não significativo,0
Lesão corporal (art. 129),3519071,Hortolândia,3.254,0.427,0.3223,Não significativo,0
Lesão corporal (art. 129),3519105,Iacanga,6.611,0.5464,0.4222,Não significativo,0
Lesão corporal (art. 129),3519204,Iacri,3.425,0.1346,0.5705,Não significativo,0
Lesão corporal (art. 129),3519253,Iaras,3.995,-0.1317,0.2279,Não significativo,0
Lesão corporal (art. 129),3519303,Ibaté,4.32,0.0095,0.4736,Não significativo,0
Lesão corporal (art. 129),3519402,Ibirá,3.507,-0.039,0.8699,Não significativo,0
Lesão corporal (art. 129),3519501,Ibirarema,6.578,-1.2247,0.0706,Não significativo,0
Lesão corporal (art. 129),3519600,Ibitinga,5.98,0.6638,0.1104,Não significativo,0
Lesão corporal (art. 129),3519709,Ibiúna,4.629,-0.0704,0.2329,Não significativo,0
Lesão corporal (art. 129),3519808,Icém,5.627,0.2726,0.5272,Não significativo,0
Lesão corporal (art. 129),3519907,Iepê,3.675,-0.427,0.0647,Não significativo,0
Lesão corporal (art. 129),3520004,Igaraçu do Tietê,4.588,-0.0241,0.7626,Não significativo,0
Lesão corporal (art. 129),3520103,Igarapava,4.197,-0.1162,0.0294,Baixo-Alto,0
Lesão corporal (art. 129),3520202,Igaratá,4.526,-0.0709,0.1762,Não significativo,0
Lesão corporal (art. 129),3520301,Iguape,5.221,0.4598,0.0188,Alto-Alto,1
Lesão corporal (art. 129),3520400,Ilhabela,8.502,0,NA,Alto-Alto,1
Lesão corporal (art. 129),3520426,Ilha Comprida,6.93,1.3226,0.284,Não significativo,1
Lesão corporal (art. 129),3520442,Ilha Solteira,4.031,-0.1063,0.2791,Não significativo,0
Lesão corporal (art. 129),3520509,Indaiatuba,3.793,0.2493,0.0829,Não significativo,0
Lesão corporal (art. 129),3520608,Indiana,5.305,0.5273,0.1028,Não significativo,0
Lesão corporal (art. 129),3520707,Indiaporã,5.948,0.3393,0.5291,Não significativo,0
Lesão corporal (art. 129),3520806,Inúbia Paulista,4.149,-0.0433,0.5345,Não significativo,0
Lesão corporal (art. 129),3520905,Ipaussu,3.865,-0.0854,0.5666,Não significativo,0
Lesão corporal (art. 129),3521002,Iperó,3.675,0.261,0.1652,Não significativo,0
Lesão corporal (art. 129),3521101,Ipeúna,3.367,0.1183,0.7229,Não significativo,0
Lesão corporal (art. 129),3521150,Ipiguá,5.177,0.2249,0.4211,Não significativo,0
Lesão corporal (art. 129),3521200,Iporanga,2.719,0.8819,0.0511,Não significativo,0
Lesão corporal (art. 129),3521309,Ipuã,5.466,-0.116,0.709,Não significativo,0
Lesão corporal (art. 129),3521408,Iracemápolis,4.006,0.0642,0.5872,Não significativo,0
Lesão corporal (art. 129),3521507,Irapuã,5.242,0.5757,0.0329,Alto-Alto,0
Lesão corporal (art. 129),3521606,Irapuru,6.493,-0.2209,0.7377,Não significativo,0
Lesão corporal (art. 129),3521705,Itaberá,5.338,-0.0144,0.96,Não significativo,0
Lesão corporal (art. 129),3521804,Itaí,4.13,-0.0631,0.1882,Não significativo,0
Lesão corporal (art. 129),3521903,Itajobi,4.238,-0.0439,0.1399,Não significativo,0
Lesão corporal (art. 129),3522000,Itaju,3.593,-0.5077,0.05,Não significativo,0
Lesão corporal (art. 129),3522109,Itanhaém,4.872,0.095,0.5078,Não significativo,1
Lesão corporal (art. 129),3522158,Itaoca,1.753,1.1951,0.2396,Não significativo,0
Lesão corporal (art. 129),3522208,Itapecerica da Serra,3.444,0.2267,0.4113,Não significativo,0
Lesão corporal (art. 129),3522307,Itapetininga,4.531,-0.0695,0.0549,Não significativo,0
Lesão corporal (art. 129),3522406,Itapeva,4.268,0.0057,0.7567,Não significativo,0
Lesão corporal (art. 129),3522505,Itapevi,3.724,0.1852,0.251,Não significativo,0
Lesão corporal (art. 129),3522604,Itapira,3.249,0.1248,0.6353,Não significativo,0
Lesão corporal (art. 129),3522653,Itapirapuã Paulista,2.555,1.5258,0.0777,Não significativo,0
Lesão corporal (art. 129),3522703,Itápolis,4.735,0.0736,0.4205,Não significativo,0
Lesão corporal (art. 129),3522802,Itaporanga,3.408,0.0094,0.9722,Não significativo,0
Lesão corporal (art. 129),3522901,Itapuí,5.93,1.0111,0.0588,Não significativo,0
Lesão corporal (art. 129),3523008,Itapura,5.529,-0.0563,0.9047,Não significativo,0
Lesão corporal (art. 129),3523107,Itaquaquecetuba,3.195,0.3076,0.2993,Não significativo,0
Lesão corporal (art. 129),3523206,Itararé,5.581,-0.1929,0.6072,Não significativo,0
Lesão corporal (art. 129),3523305,Itariri,5.216,0.3844,0.2562,Não significativo,0
Lesão corporal (art. 129),3523404,Itatiba,3.035,0.6065,0.0724,Não significativo,0
Lesão corporal (art. 129),3523503,Itatinga,4.09,0.006,0.9339,Não significativo,0
Lesão corporal (art. 129),3523602,Itirapina,4.087,0.0859,0.1791,Não significativo,0
Lesão corporal (art. 129),3523701,Itirapuã,3.807,-0.2244,0.5478,Não significativo,0
Lesão corporal (art. 129),3523800,Itobi,5.22,0.0508,0.8617,Não significativo,0
Lesão corporal (art. 129),3523909,Itu,3.162,0.465,0.0834,Não significativo,0
Lesão corporal (art. 129),3524006,Itupeva,3.554,0.3207,0.1477,Não significativo,0
Lesão corporal (art. 129),3524105,Ituverava,3.274,0.0465,0.855,Não significativo,0
Lesão corporal (art. 129),3524204,Jaborandi,4.34,0.0011,0.8159,Não significativo,0
Lesão corporal (art. 129),3524303,Jaboticabal,3.397,0.3322,0.1236,Não significativo,0
Lesão corporal (art. 129),3524402,Jacareí,3.654,0.0715,0.7114,Não significativo,0
Lesão corporal (art. 129),3524501,Jaci,3.941,-0.0935,0.5061,Não significativo,0
Lesão corporal (art. 129),3524600,Jacupiranga,3.914,-0.0578,0.6364,Não significativo,0
Lesão corporal (art. 129),3524709,Jaguariúna,3.1,0.4126,0.2776,Não significativo,0
Lesão corporal (art. 129),3524808,Jales,4.92,0.3705,0.0063,Alto-Alto,0
Lesão corporal (art. 129),3524907,Jambeiro,4.221,0.0488,0.1856,Não significativo,0
Lesão corporal (art. 129),3525003,Jandira,3.677,0.2168,0.3458,Não significativo,0
Lesão corporal (art. 129),3525102,Jardinópolis,3.202,0.5088,0.1105,Não significativo,0
Lesão corporal (art. 129),3525201,Jarinu,3.623,0.3221,0.1468,Não significativo,0
Lesão corporal (art. 129),3525300,Jaú,3.963,-0.0029,0.9749,Não significativo,0
Lesão corporal (art. 129),3525409,Jeriquara,4.401,-0.0135,0.3484,Não significativo,0
Lesão corporal (art. 129),3525508,Joanópolis,3.59,0.2935,0.3278,Não significativo,0
Lesão corporal (art. 129),3525607,João Ramalho,5.033,0.3005,0.26,Não significativo,0
Lesão corporal (art. 129),3525706,José Bonifácio,4.45,0.045,0.0291,Alto-Alto,0
Lesão corporal (art. 129),3525805,Júlio Mesquita,6.582,1.6857,0.0125,Alto-Alto,0
Lesão corporal (art. 129),3525854,Jumirim,1.963,1.5289,0.1023,Não significativo,0
Lesão corporal (art. 129),3525904,Jundiaí,2.87,0.3306,0.2957,Não significativo,0
Lesão corporal (art. 129),3526001,Junqueirópolis,5.233,0.2394,0.2271,Não significativo,0
Lesão corporal (art. 129),3526100,Juquiá,6.995,0.3229,0.6824,Não significativo,0
Lesão corporal (art. 129),3526209,Juquitiba,5.036,-0.0401,0.8201,Não significativo,0
Lesão corporal (art. 129),3526308,Lagoinha,4.525,-0.0412,0.3863,Não significativo,0
Lesão corporal (art. 129),3526407,Laranjal Paulista,3.161,0.5551,0.0692,Não significativo,0
Lesão corporal (art. 129),3526506,Lavínia,1.961,0.7183,0.2755,Não significativo,0
Lesão corporal (art. 129),3526605,Lavrinhas,3.347,-0.016,0.9692,Não significativo,0
Lesão corporal (art. 129),3526704,Leme,4.656,0.0491,0.5927,Não significativo,0
Lesão corporal (art. 129),3526803,Lençóis Paulista,4.06,-0.0719,0.2792,Não significativo,0
Lesão corporal (art. 129),3526902,Limeira,3.687,0.1819,0.2264,Não significativo,0
Lesão corporal (art. 129),3527009,Lindóia,4.705,-0.1103,0.3563,Não significativo,0
Lesão corporal (art. 129),3527108,Lins,5.951,1.1773,0.0151,Alto-Alto,0
Lesão corporal (art. 129),3527207,Lorena,3.665,0.4267,0.0254,Baixo-Baixo,0
Lesão corporal (art. 129),3527256,Lourdes,8.205,0.1284,0.915,Não significativo,0
Lesão corporal (art. 129),3527306,Louveira,3.452,0.536,0.1301,Não significativo,0
Lesão corporal (art. 129),3527405,Lucélia,6.879,-1.0672,0.1003,Não significativo,0
Lesão corporal (art. 129),3527504,Lucianópolis,3.794,-0.178,0.2524,Não significativo,0
Lesão corporal (art. 129),3527603,Luís Antônio,5.3,-0.3482,0.1523,Não significativo,0
Lesão corporal (art. 129),3527702,Luiziânia,4.893,0.0966,0.484,Não significativo,0
Lesão corporal (art. 129),3527801,Lupércio,5.777,0.0984,0.8174,Não significativo,0
Lesão corporal (art. 129),3527900,Lutécia,4.885,-0.1165,0.3935,Não significativo,0
Lesão corporal (art. 129),3528007,Macatuba,4.1,0.0545,0.4387,Não significativo,0
Lesão corporal (art. 129),3528106,Macaubal,4.144,-0.0533,0.3603,Não significativo,0
Lesão corporal (art. 129),3528205,Macedônia,3.533,-0.3596,0.1147,Não significativo,0
Lesão corporal (art. 129),3528304,Magda,1.58,-0.8902,0.1825,Não significativo,0
Lesão corporal (art. 129),3528403,Mairinque,3.658,0.232,0.2721,Não significativo,0
Lesão corporal (art. 129),3528502,Mairiporã,4.507,-0.0525,0.2174,Não significativo,0
Lesão corporal (art. 129),3528601,Manduri,4.458,0.0024,0.9457,Não significativo,0
Lesão corporal (art. 129),3528700,Marabá Paulista,2.843,-0.3356,0.3888,Não significativo,0
Lesão corporal (art. 129),3528809,Maracaí,4.182,0.0098,0.8229,Não significativo,0
Lesão corporal (art. 129),3528858,Marapoama,7.898,0.0189,0.9814,Não significativo,0
Lesão corporal (art. 129),3528908,Mariápolis,1.993,-0.3236,0.5972,Não significativo,0
Lesão corporal (art. 129),3529005,Marília,4.288,0.0031,0.8276,Não significativo,0
Lesão corporal (art. 129),3529104,Marinópolis,3.763,0.0745,0.7475,Não significativo,0
Lesão corporal (art. 129),3529203,Martinópolis,5.104,0.1484,0.331,Não significativo,0
Lesão corporal (art. 129),3529302,Matão,2.48,-0.1698,0.7277,Não significativo,0
Lesão corporal (art. 129),3529401,Mauá,2.953,0.7476,0.1736,Não significativo,0
Lesão corporal (art. 129),3529500,Mendonça,7.469,2.4952,0.0017,Alto-Alto,0
Lesão corporal (art. 129),3529609,Meridiano,3.937,-0.0924,0.4668,Não significativo,0
Lesão corporal (art. 129),3529658,Mesópolis,4.098,-0.1444,0.1513,Não significativo,0
Lesão corporal (art. 129),3529708,Miguelópolis,2.983,-0.2683,0.5669,Não significativo,0
Lesão corporal (art. 129),3529807,Mineiros do Tietê,3.206,0.0867,0.8224,Não significativo,0
Lesão corporal (art. 129),3529906,Miracatu,4.528,0.0545,0.2597,Não significativo,0
Lesão corporal (art. 129),3530003,Mira Estrela,3.519,-0.4033,0.2197,Não significativo,0
Lesão corporal (art. 129),3530102,Mirandópolis,3.323,0.2699,0.3061,Não significativo,0
Lesão corporal (art. 129),3530201,Mirante do Paranapanema,4.084,-0.1341,0.1023,Não significativo,0
Lesão corporal (art. 129),3530300,Mirassol,3.221,-0.1725,0.5549,Não significativo,0
Lesão corporal (art. 129),3530409,Mirassolândia,4.926,-0.0074,0.9641,Não significativo,0
Lesão corporal (art. 129),3530508,Mococa,5.275,-0.1296,0.6136,Não significativo,0
Lesão corporal (art. 129),3530607,Mogi das Cruzes,4.044,0.0049,0.9429,Não significativo,0
Lesão corporal (art. 129),3530706,Mogi Guaçu,3.963,0.0175,0.8418,Não significativo,0
Lesão corporal (art. 129),3530805,Mogi Mirim,3.706,0.2289,0.2022,Não significativo,0
Lesão corporal (art. 129),3530904,Mombuca,6.179,-0.475,0.4462,Não significativo,0
Lesão corporal (art. 129),3531001,Monções,4.646,0.0743,0.4027,Não significativo,0
Lesão corporal (art. 129),3531100,Mongaguá,5.843,-0.0218,0.9725,Não significativo,1
Lesão corporal (art. 129),3531209,Monte Alegre do Sul,2.666,0.202,0.6907,Não significativo,0
Lesão corporal (art. 129),3531308,Monte Alto,2.817,0.4248,0.2469,Não significativo,0
Lesão corporal (art. 129),3531407,Monte Aprazível,4.309,-0.0084,0.4068,Não significativo,0
Lesão corporal (art. 129),3531506,Monte Azul Paulista,4.242,0.0076,0.8231,Não significativo,0
Lesão corporal (art. 129),3531605,Monte Castelo,4.027,0.0192,0.8463,Não significativo,0
Lesão corporal (art. 129),3531704,Monteiro Lobato,2.175,1.0366,0.0848,Não significativo,0
Lesão corporal (art. 129),3531803,Monte Mor,3.495,0.3263,0.138,Não significativo,0
Lesão corporal (art. 129),3531902,Morro Agudo,4.475,-0.0116,0.6548,Não significativo,0
Lesão corporal (art. 129),3532009,Morungaba,3.061,0.2103,0.5551,Não significativo,0
Lesão corporal (art. 129),3532058,Motuca,1.735,1.0344,0.1908,Não significativo,0
Lesão corporal (art. 129),3532108,Murutinga do Sul,4.282,-0.0059,0.8345,Não significativo,0
Lesão corporal (art. 129),3532157,Nantes,7.143,0.7771,0.4083,Não significativo,0
Lesão corporal (art. 129),3532207,Narandiba,8.052,2.2622,0.1164,Não significativo,0
Lesão corporal (art. 129),3532306,Natividade da Serra,3.286,-0.1636,0.6161,Não significativo,0
Lesão corporal (art. 129),3532405,Nazaré Paulista,2.58,0.3386,0.488,Não significativo,0
Lesão corporal (art. 129),3532504,Neves Paulista,5.568,0.0562,0.865,Não significativo,0
Lesão corporal (art. 129),3532603,Nhandeara,4.568,0.0554,0.3133,Não significativo,0
Lesão corporal (art. 129),3532702,Nipoã,6.526,0.8149,0.2147,Não significativo,0
Lesão corporal (art. 129),3532801,Nova Aliança,6.126,0.1596,0.7418,Não significativo,0
Lesão corporal (art. 129),3532827,Nova Campina,2.707,0.0159,0.9715,Não significativo,0
Lesão corporal (art. 129),3532843,Nova Canaã Paulista,4.429,0.0216,0.3981,Não significativo,0
Lesão corporal (art. 129),3532868,Nova Castilho,1.883,0.1818,0.8038,Não significativo,0
Lesão corporal (art. 129),3532900,Nova Europa,5.907,0.0755,0.87,Não significativo,0
Lesão corporal (art. 129),3533007,Nova Granada,4.583,0.0228,0.6978,Não significativo,0
Lesão corporal (art. 129),3533106,Nova Guataporanga,3.247,0.4057,0.2802,Não significativo,0
Lesão corporal (art. 129),3533205,Nova Independência,7.16,-0.4007,0.6109,Não significativo,0
Lesão corporal (art. 129),3533254,Novais,4.533,-6e-4,0.9936,Não significativo,0
Lesão corporal (art. 129),3533304,Nova Luzitânia,4.935,0.1749,0.2773,Não significativo,0
Lesão corporal (art. 129),3533403,Nova Odessa,2.886,0.6709,0.1779,Não significativo,0
Lesão corporal (art. 129),3533502,Novo Horizonte,4.227,-0.0359,0.1655,Não significativo,0
Lesão corporal (art. 129),3533601,Nuporanga,3.247,0.1704,0.5768,Não significativo,0
Lesão corporal (art. 129),3533700,Ocauçu,2.54,0.2497,0.6826,Não significativo,0
Lesão corporal (art. 129),3533809,Óleo,0.398,-0.895,0.4601,Não significativo,0
Lesão corporal (art. 129),3533908,Olímpia,4.321,-0.0054,0.4934,Não significativo,0
Lesão corporal (art. 129),3534005,Onda Verde,5.659,0.1847,0.6394,Não significativo,0
Lesão corporal (art. 129),3534104,Oriente,3.78,0.2421,0.2146,Não significativo,0
Lesão corporal (art. 129),3534203,Orindiúva,1.826,-0.4387,0.613,Não significativo,0
Lesão corporal (art. 129),3534302,Orlândia,3.445,0.1353,0.6604,Não significativo,0
Lesão corporal (art. 129),3534401,Osasco,3.069,0.4362,0.3169,Não significativo,0
Lesão corporal (art. 129),3534500,Oscar Bressane,3.239,0.3229,0.3932,Não significativo,0
Lesão corporal (art. 129),3534609,Osvaldo Cruz,3.358,0.3265,0.2003,Não significativo,0
Lesão corporal (art. 129),3534708,Ourinhos,4.588,0.0766,0.3361,Não significativo,0
Lesão corporal (art. 129),3534757,Ouroeste,6.606,1.3013,0.0881,Não significativo,0
Lesão corporal (art. 129),3534807,Ouro Verde,5.785,0.396,0.3608,Não significativo,0
Lesão corporal (art. 129),3534906,Pacaembu,3.361,-0.0617,0.8398,Não significativo,0
Lesão corporal (art. 129),3535002,Palestina,3.834,-0.0333,0.7782,Não significativo,0
Lesão corporal (art. 129),3535101,Palmares Paulista,5.907,-0.1842,0.6991,Não significativo,0
Lesão corporal (art. 129),3535200,Palmeira d'Oeste,2.92,-0.566,0.0535,Não significativo,0
Lesão corporal (art. 129),3535309,Palmital,3.266,-0.2325,0.588,Não significativo,0
Lesão corporal (art. 129),3535408,Panorama,5.68,0.0922,0.7994,Não significativo,0
Lesão corporal (art. 129),3535507,Paraguaçu Paulista,5.034,0.1688,0.3325,Não significativo,0
Lesão corporal (art. 129),3535606,Paraibuna,4.075,0.0101,0.8951,Não significativo,0
Lesão corporal (art. 129),3535705,Paraíso,2.459,-0.3414,0.5187,Não significativo,0
Lesão corporal (art. 129),3535804,Paranapanema,4.95,-0.0471,0.7769,Não significativo,0
Lesão corporal (art. 129),3535903,Paranapuã,5.954,0.4758,0.2816,Não significativo,0
Lesão corporal (art. 129),3536000,Parapuã,4.064,0.0236,0.7506,Não significativo,0
Lesão corporal (art. 129),3536109,Pardinho,3.215,-0.0223,0.9618,Não significativo,0
Lesão corporal (art. 129),3536208,Pariquera-Açu,4.731,0.09,0.4829,Não significativo,0
Lesão corporal (art. 129),3536257,Parisi,7.953,1.5068,0.1641,Não significativo,0
Lesão corporal (art. 129),3536307,Patrocínio Paulista,5.237,-0.4102,0.1729,Não significativo,0
Lesão corporal (art. 129),3536406,Paulicéia,4.274,0.0167,0.5383,Não significativo,0
Lesão corporal (art. 129),3536505,Paulínia,4.324,0.0162,0.0344,Baixo-Baixo,0
Lesão corporal (art. 129),3536570,Paulistânia,6.22,-0.3949,0.5362,Não significativo,0
Lesão corporal (art. 129),3536604,Paulo de Faria,4.865,-0.2635,0.1903,Não significativo,0
Lesão corporal (art. 129),3536703,Pederneiras,4.774,0.1507,0.1122,Não significativo,0
Lesão corporal (art. 129),3536802,Pedra Bela,2.44,0.8496,0.1901,Não significativo,0
Lesão corporal (art. 129),3536901,Pedranópolis,5.023,0.3092,0.0954,Não significativo,0
Lesão corporal (art. 129),3537008,Pedregulho,4.831,0.1905,0.1889,Não significativo,0
Lesão corporal (art. 129),3537107,Pedreira,3.503,0.3292,0.2547,Não significativo,0
Lesão corporal (art. 129),3537156,Pedrinhas Paulista,1.783,-0.956,0.3456,Não significativo,0
Lesão corporal (art. 129),3537206,Pedro de Toledo,3.9,-0.1957,0.1203,Não significativo,0
Lesão corporal (art. 129),3537305,Penápolis,4.621,-0.1422,0.0266,Alto-Baixo,0
Lesão corporal (art. 129),3537404,Pereira Barreto,3.694,0.2173,0.1444,Não significativo,0
Lesão corporal (art. 129),3537503,Pereiras,4.349,0.0031,0.0349,Baixo-Baixo,0
Lesão corporal (art. 129),3537602,Peruíbe,6.818,0.5136,0.5359,Não significativo,1
Lesão corporal (art. 129),3537701,Piacatu,2.899,0.6012,0.1062,Não significativo,0
Lesão corporal (art. 129),3537800,Piedade,2.832,0.5058,0.2725,Não significativo,0
Lesão corporal (art. 129),3537909,Pilar do Sul,2.498,0.5612,0.273,Não significativo,0
Lesão corporal (art. 129),3538006,Pindamonhangaba,3.554,0.2768,0.1483,Não significativo,0
Lesão corporal (art. 129),3538105,Pindorama,5.02,0.1318,0.5144,Não significativo,0
Lesão corporal (art. 129),3538204,Pinhalzinho,3.613,0.2866,0.2027,Não significativo,0
Lesão corporal (art. 129),3538303,Piquerobi,6.434,-0.5373,0.3978,Não significativo,0
Lesão corporal (art. 129),3538501,Piquete,3.283,0.3914,0.2816,Não significativo,0
Lesão corporal (art. 129),3538600,Piracaia,4.034,0.1214,0.1388,Não significativo,0
Lesão corporal (art. 129),3538709,Piracicaba,3.73,0.1272,0.295,Não significativo,0
Lesão corporal (art. 129),3538808,Piraju,5.028,0.0095,0.9457,Não significativo,0
Lesão corporal (art. 129),3538907,Pirajuí,4.28,-0.0603,1e-4,Baixo-Alto,0
Lesão corporal (art. 129),3539004,Pirangi,4.042,0.0588,0.4962,Não significativo,0
Lesão corporal (art. 129),3539103,Pirapora do Bom Jesus,4.682,-0.1019,0.3078,Não significativo,0
Lesão corporal (art. 129),3539202,Pirapozinho,5.168,0.7257,5e-4,Alto-Alto,0
Lesão corporal (art. 129),3539301,Pirassununga,5.14,-0.0947,0.6171,Não significativo,0
Lesão corporal (art. 129),3539400,Piratininga,4.964,0.1679,0.3205,Não significativo,0
Lesão corporal (art. 129),3539509,Pitangueiras,3.148,0.2806,0.3996,Não significativo,0
Lesão corporal (art. 129),3539608,Planalto,5.24,0.077,0.7524,Não significativo,0
Lesão corporal (art. 129),3539707,Platina,4.298,0.0087,0.5724,Não significativo,0
Lesão corporal (art. 129),3539806,Poá,3.701,0.2664,0.2299,Não significativo,0
Lesão corporal (art. 129),3539905,Poloni,3.755,0.0125,0.9752,Não significativo,0
Lesão corporal (art. 129),3540002,Pompéia,2.228,-0.3448,0.5024,Não significativo,0
Lesão corporal (art. 129),3540101,Pongaí,3.535,-0.3318,0.1833,Não significativo,0
Lesão corporal (art. 129),3540200,Pontal,2.526,0.681,0.2184,Não significativo,0
Lesão corporal (art. 129),3540259,Pontalinda,9.692,2.3,0.087,Não significativo,0
Lesão corporal (art. 129),3540309,Pontes Gestal,5.865,0.3146,0.5383,Não significativo,0
Lesão corporal (art. 129),3540408,Populina,6.058,0.7991,0.1667,Não significativo,0
Lesão corporal (art. 129),3540507,Porangaba,2.583,0.7029,0.1507,Não significativo,0
Lesão corporal (art. 129),3540606,Porto Feliz,3.115,0.4514,0.1277,Não significativo,0
Lesão corporal (art. 129),3540705,Porto Ferreira,4.217,0.0647,0.1647,Não significativo,0
Lesão corporal (art. 129),3540754,Potim,3.384,0.0309,0.9238,Não significativo,0
Lesão corporal (art. 129),3540804,Potirendaba,4.866,0.2231,0.0894,Não significativo,0
Lesão corporal (art. 129),3540853,Pracinha,2.327,-0.4276,0.5375,Não significativo,0
Lesão corporal (art. 129),3540903,Pradópolis,3.338,0.2221,0.519,Não significativo,0
Lesão corporal (art. 129),3541000,Praia Grande,4.761,0.0444,0.8205,Não significativo,1
Lesão corporal (art. 129),3541059,Pratânia,6.048,0.7322,0.2024,Não significativo,0
Lesão corporal (art. 129),3541109,Presidente Alves,3.417,-0.758,0.0175,Baixo-Alto,0
Lesão corporal (art. 129),3541208,Presidente Bernardes,4.417,0.0191,0.2086,Não significativo,0
Lesão corporal (art. 129),3541307,Presidente Epitácio,3.797,-0.1461,0.4413,Não significativo,0
Lesão corporal (art. 129),3541406,Presidente Prudente,5.304,0.6354,0.001,Alto-Alto,0
Lesão corporal (art. 129),3541505,Presidente Venceslau,4.403,0.0151,0.2681,Não significativo,0
Lesão corporal (art. 129),3541604,Promissão,4.07,-0.1443,0.0245,Baixo-Alto,0
Lesão corporal (art. 129),3541653,Quadra,1.468,1.2713,0.1444,Não significativo,0
Lesão corporal (art. 129),3541703,Quatá,4.482,0.0275,0.4401,Não significativo,0
Lesão corporal (art. 129),3541802,Queiroz,9.188,-0.1949,0.9028,Não significativo,0
Lesão corporal (art. 129),3541901,Queluz,5.459,0.0945,0.8263,Não significativo,0
Lesão corporal (art. 129),3542008,Quintana,3.41,0.115,0.6585,Não significativo,0
Lesão corporal (art. 129),3542107,Rafard,4.573,-0.0498,0.5046,Não significativo,0
Lesão corporal (art. 129),3542206,Rancharia,6.401,0.28,0.54,Não significativo,0
Lesão corporal (art. 129),3542305,Redenção da Serra,3.783,0.1843,0.2437,Não significativo,0
Lesão corporal (art. 129),3542404,Regente Feijó,7.198,1.5296,0.0751,Não significativo,0
Lesão corporal (art. 129),3542503,Reginópolis,5.873,0.5512,0.1559,Não significativo,0
Lesão corporal (art. 129),3542602,Registro,4.637,0.0935,0.2338,Não significativo,0
Lesão corporal (art. 129),3542701,Restinga,7.495,-0.7237,0.5605,Não significativo,0
Lesão corporal (art. 129),3542800,Ribeira,3.512,0.7529,0.0085,Baixo-Baixo,0
Lesão corporal (art. 129),3542909,Ribeirão Bonito,4.004,0.0461,0.6065,Não significativo,0
Lesão corporal (art. 129),3543006,Ribeirão Branco,4.295,0.0273,0.1721,Não significativo,0
Lesão corporal (art. 129),3543105,Ribeirão Corrente,3.255,0.2028,0.542,Não significativo,0
Lesão corporal (art. 129),3543204,Ribeirão do Sul,2.352,-0.373,0.5864,Não significativo,0
Lesão corporal (art. 129),3543238,Ribeirão dos Índios,2.469,-0.7119,0.1744,Não significativo,0
Lesão corporal (art. 129),3543253,Ribeirão Grande,2.416,0.7603,0.2466,Não significativo,0
Lesão corporal (art. 129),3543303,Ribeirão Pires,3.228,0.5369,0.1602,Não significativo,0
Lesão corporal (art. 129),3543402,Ribeirão Preto,4.174,0.0595,0.1969,Não significativo,0
Lesão corporal (art. 129),3543501,Riversul,4.108,-0.0482,0.6184,Não significativo,0
Lesão corporal (art. 129),3543600,Rifaina,10.126,0.4298,0.8689,Não significativo,0
Lesão corporal (art. 129),3543709,Rincão,2.748,0.4514,0.271,Não significativo,0
Lesão corporal (art. 129),3543808,Rinópolis,2.592,0.751,0.2085,Não significativo,0
Lesão corporal (art. 129),3543907,Rio Claro,3.738,0.1696,0.3199,Não significativo,0
Lesão corporal (art. 129),3544004,Rio das Pedras,4.437,-0.0305,0.1865,Não significativo,0
Lesão corporal (art. 129),3544103,Rio Grande da Serra,3.917,0.2296,0.1811,Não significativo,0
Lesão corporal (art. 129),3544202,Riolândia,4.074,-0.1251,0.1892,Não significativo,0
Lesão corporal (art. 129),3544251,Rosana,4.989,0.6979,0.0226,Alto-Alto,0
Lesão corporal (art. 129),3544301,Roseira,4.247,0.0053,0.8692,Não significativo,0
Lesão corporal (art. 129),3544400,Rubiácea,5.185,-0.1598,0.5732,Não significativo,0
Lesão corporal (art. 129),3544509,Rubinéia,7.566,1.091,0.2591,Não significativo,0
Lesão corporal (art. 129),3544608,Sabino,7.238,1.3805,0.0603,Não significativo,0
Lesão corporal (art. 129),3544707,Sagres,5.255,-0.2318,0.3989,Não significativo,0
Lesão corporal (art. 129),3544806,Sales,6.214,1.7673,0.0017,Alto-Alto,0
Lesão corporal (art. 129),3544905,Sales Oliveira,3.593,0.3591,0.0884,Não significativo,0
Lesão corporal (art. 129),3545001,Salesópolis,4.67,0.1529,0.0595,Não significativo,0
Lesão corporal (art. 129),3545100,Salmourão,3.744,-0.0361,0.8467,Não significativo,0
Lesão corporal (art. 129),3545159,Saltinho,2.573,0.8009,0.2509,Não significativo,0
Lesão corporal (art. 129),3545209,Salto,2.293,0.7589,0.3464,Não significativo,0
Lesão corporal (art. 129),3545308,Salto de Pirapora,3.703,0.3552,0.0489,Baixo-Baixo,0
Lesão corporal (art. 129),3545407,Salto Grande,4.088,-0.0807,0.3723,Não significativo,0
Lesão corporal (art. 129),3545506,Sandovalina,8.779,0.9806,0.4567,Não significativo,0
Lesão corporal (art. 129),3545605,Santa Adélia,4.78,0.0016,0.9892,Não significativo,0
Lesão corporal (art. 129),3545704,Santa Albertina,4.693,-0.0189,0.8549,Não significativo,0
Lesão corporal (art. 129),3545803,Santa Bárbara d'Oeste,2.743,0.5621,0.144,Não significativo,0
Lesão corporal (art. 129),3546009,Santa Branca,3.22,-0.0647,0.8532,Não significativo,0
Lesão corporal (art. 129),3546108,Santa Clara d'Oeste,6.928,0.8126,0.4183,Não significativo,0
Lesão corporal (art. 129),3546207,Santa Cruz da Conceição,6.547,-0.2632,0.7274,Não significativo,0
Lesão corporal (art. 129),3546256,Santa Cruz da Esperança,3.781,0.0038,0.9835,Não significativo,0
Lesão corporal (art. 129),3546306,Santa Cruz das Palmeiras,2.876,-0.1518,0.7138,Não significativo,0
Lesão corporal (art. 129),3546405,Santa Cruz do Rio Pardo,4.22,0.0049,0.8458,Não significativo,0
Lesão corporal (art. 129),3546504,Santa Ernestina,3.106,0.5419,0.2682,Não significativo,0
Lesão corporal (art. 129),3546603,Santa Fé do Sul,4.972,0.3637,0.0529,Não significativo,0
Lesão corporal (art. 129),3546702,Santa Gertrudes,3.515,0.0549,0.8666,Não significativo,0
Lesão corporal (art. 129),3546801,Santa Isabel,3.761,0.0742,0.6247,Não significativo,0
Lesão corporal (art. 129),3546900,Santa Lúcia,2.098,0.6532,0.4582,Não significativo,0
Lesão corporal (art. 129),3547007,Santa Maria da Serra,5.913,0.2894,0.5389,Não significativo,0
Lesão corporal (art. 129),3547106,Santa Mercedes,4.736,-0.0485,0.6478,Não significativo,0
Lesão corporal (art. 129),3547205,Santana da Ponte Pensa,4.79,-0.041,0.7582,Não significativo,0
Lesão corporal (art. 129),3547304,Santana de Parnaíba,3.394,0.1304,0.6224,Não significativo,0
Lesão corporal (art. 129),3547403,Santa Rita d'Oeste,2.561,-0.7879,0.1138,Não significativo,0
Lesão corporal (art. 129),3547502,Santa Rita do Passa Quatro,2.779,0.1677,0.6746,Não significativo,0
Lesão corporal (art. 129),3547601,Santa Rosa de Viterbo,4.528,-0.0185,0.7553,Não significativo,0
Lesão corporal (art. 129),3547650,Santa Salete,4.863,-0.068,0.6954,Não significativo,0
Lesão corporal (art. 129),3547700,Santo Anastácio,3.953,0.0567,0.6412,Não significativo,0
Lesão corporal (art. 129),3547809,Santo André,2.829,0.6464,0.0471,Baixo-Baixo,0
Lesão corporal (art. 129),3547908,Santo Antônio da Alegria,6.052,-0.9061,0.1754,Não significativo,0
Lesão corporal (art. 129),3548005,Santo Antônio de Posse,4.216,0.0683,0.1028,Não significativo,0
Lesão corporal (art. 129),3548054,Santo Antônio do Aracanguá,4.416,0.0131,0.3251,Não significativo,0
Lesão corporal (art. 129),3548104,Santo Antônio do Jardim,3.754,0.0781,0.7863,Não significativo,0
Lesão corporal (art. 129),3548203,Santo Antônio do Pinhal,2.944,0.5448,0.2546,Não significativo,0
Lesão corporal (art. 129),3548302,Santo Expedito,10.333,5.1774,0.0096,Alto-Alto,0
Lesão corporal (art. 129),3548401,Santópolis do Aguapeí,5.642,-0.156,0.6926,Não significativo,0
Lesão corporal (art. 129),3548500,Santos,3.617,0.0713,0.7259,Não significativo,1
Lesão corporal (art. 129),3548609,São Bento do Sapucaí,2.484,-0.0489,0.9589,Não significativo,0
Lesão corporal (art. 129),3548708,São Bernardo do Campo,2.915,0.6518,0.1352,Não significativo,0
Lesão corporal (art. 129),3548807,São Caetano do Sul,2.801,0.8369,0.2621,Não significativo,0
Lesão corporal (art. 129),3548906,São Carlos,3.064,0.3121,0.2565,Não significativo,0
Lesão corporal (art. 129),3549003,São Francisco,4.612,0.0221,0.8012,Não significativo,0
Lesão corporal (art. 129),3549102,São João da Boa Vista,4.43,-0.0025,0.916,Não significativo,0
Lesão corporal (art. 129),3549201,São João das Duas Pontes,4.651,0.3622,3e-4,Alto-Alto,0
Lesão corporal (art. 129),3549250,São João de Iracema,7.584,0.5821,0.509,Não significativo,0
Lesão corporal (art. 129),3549300,São João do Pau d'Alho,0.892,0.3796,0.7111,Não significativo,0
Lesão corporal (art. 129),3549409,São Joaquim da Barra,4.819,-0.0478,0.7365,Não significativo,0
Lesão corporal (art. 129),3549508,São José da Bela Vista,5.114,-0.137,0.4838,Não significativo,0
Lesão corporal (art. 129),3549607,São José do Barreiro,5.71,0.3736,0.4163,Não significativo,0
Lesão corporal (art. 129),3549706,São José do Rio Pardo,3.601,0.0224,0.9062,Não significativo,0
Lesão corporal (art. 129),3549805,São José do Rio Preto,4.598,0.0126,0.8515,Não significativo,0
Lesão corporal (art. 129),3549904,São José dos Campos,3.313,0.3724,0.196,Não significativo,0
Lesão corporal (art. 129),3549953,São Lourenço da Serra,3.921,0.0361,0.7832,Não significativo,0
Lesão corporal (art. 129),3550001,São Luiz do Paraitinga,3.192,0.21560000000000001,0.5015,Não significativo,0
Lesão corporal (art. 129),3550100,São Manuel,6.463,-0.1935,0.7064,Não significativo,0
Lesão corporal (art. 129),3550209,São Miguel Arcanjo,2.435,0.4464,0.4411,Não significativo,0
Lesão corporal (art. 129),3550308,São Paulo,3.559,0.2765,0.0148,Baixo-Baixo,0
Lesão corporal (art. 129),3550407,São Pedro,4.313,-0.002,0.8457,Não significativo,0
Lesão corporal (art. 129),3550506,São Pedro do Turvo,6.512,-0.3731,0.4744,Não significativo,0
Lesão corporal (art. 129),3550605,São Roque,3.762,0.1575,0.299,Não significativo,0
Lesão corporal (art. 129),3550704,São Sebastião,6.777,1.9466,0.0402,Alto-Alto,1
Lesão corporal (art. 129),3550803,São Sebastião da Grama,4.214,0.0111,0.7934,Não significativo,0
Lesão corporal (art. 129),3550902,São Simão,4.315,8e-4,0.9339,Não significativo,0
Lesão corporal (art. 129),3551009,São Vicente,3.334,0.0771,0.7659,Não significativo,1
Lesão corporal (art. 129),3551108,Sarapuí,4.34,0.0062,0.1032,Não significativo,0
Lesão corporal (art. 129),3551207,Sarutaiá,5.13,0.1019,0.7373,Não significativo,0
Lesão corporal (art. 129),3551306,Sebastianópolis do Sul,2.875,-0.2448,0.5884,Não significativo,0
Lesão corporal (art. 129),3551405,Serra Azul,5.57,-0.3085,0.4057,Não significativo,0
Lesão corporal (art. 129),3551504,Serrana,3.917,0.0547,0.6799,Não significativo,0
Lesão corporal (art. 129),3551603,Serra Negra,4.115,0.0921,0.2045,Não significativo,0
Lesão corporal (art. 129),3551702,Sertãozinho,3.342,0.5656,0.0291,Baixo-Baixo,0
Lesão corporal (art. 129),3551801,Sete Barras,4.321,-0.0027,0.7666,Não significativo,0
Lesão corporal (art. 129),3551900,Severínia,4.597,0.0242,0.7434,Não significativo,0
Lesão corporal (art. 129),3552007,Silveiras,3.556,0.0905,0.6569,Não significativo,0
Lesão corporal (art. 129),3552106,Socorro,2.941,0.4571,0.2417,Não significativo,0
Lesão corporal (art. 129),3552205,Sorocaba,3.276,0.5031,0.0512,Não significativo,0
Lesão corporal (art. 129),3552304,Sud Mennucci,3.943,-0.0559,0.5964,Não significativo,0
Lesão corporal (art. 129),3552403,Sumaré,3.194,0.499,0.1201,Não significativo,0
Lesão corporal (art. 129),3552502,Suzano,3.611,0.2971,0.1186,Não significativo,0
Lesão corporal (art. 129),3552551,Suzanápolis,4.108,-0.0651,0.3842,Não significativo,0
Lesão corporal (art. 129),3552601,Tabapuã,3.709,-0.0386,0.8172,Não significativo,0
Lesão corporal (art. 129),3552700,Tabatinga,7.042,0.5269,0.5598,Não significativo,0
Lesão corporal (art. 129),3552809,Taboão da Serra,3.294,0.321,0.5286,Não significativo,0
Lesão corporal (art. 129),3552908,Taciba,4.633,0.3358,1e-4,Alto-Alto,0
Lesão corporal (art. 129),3553005,Taguaí,4.894,0.1816,0.3227,Não significativo,0
Lesão corporal (art. 129),3553104,Taiaçu,5.108,-0.3917,0.088,Não significativo,0
Lesão corporal (art. 129),3553203,Taiúva,3.054,0.1435,0.7141,Não significativo,0
Lesão corporal (art. 129),3553302,Tambaú,5.085,-0.0325,0.8742,Não significativo,0
Lesão corporal (art. 129),3553401,Tanabi,4.868,-0.0434,0.7622,Não significativo,0
Lesão corporal (art. 129),3553500,Tapiraí,4.377,-0.0035,0.5626,Não significativo,0
Lesão corporal (art. 129),3553609,Tapiratiba,3.385,0.0928,0.8061,Não significativo,0
Lesão corporal (art. 129),3553658,Taquaral,4.964,-0.2496,0.2298,Não significativo,0
Lesão corporal (art. 129),3553708,Taquaritinga,5.262,-0.484,0.0185,Alto-Baixo,0
Lesão corporal (art. 129),3553807,Taquarituba,6.037,0.1275,0.8209,Não significativo,0
Lesão corporal (art. 129),3553856,Taquarivaí,4.945,-0.1104,0.6357,Não significativo,0
Lesão corporal (art. 129),3553906,Tarabai,3.825,-0.3601,0.0252,Baixo-Alto,0
Lesão corporal (art. 129),3553955,Tarumã,3.629,-0.1401,0.526,Não significativo,0
Lesão corporal (art. 129),3554003,Tatuí,3.841,0.2405,0.0377,Baixo-Baixo,0
Lesão corporal (art. 129),3554102,Taubaté,3.842,0.2089,0.0885,Não significativo,0
Lesão corporal (art. 129),3554201,Tejupá,4.604,0.0825,0.278,Não significativo,0
Lesão corporal (art. 129),3554300,Teodoro Sampaio,7.126,0.0655,0.9327,Não significativo,0
Lesão corporal (art. 129),3554409,Terra Roxa,2.91,-0.0933,0.8343,Não significativo,0
Lesão corporal (art. 129),3554508,Tietê,1.991,0.6618,0.2115,Não significativo,0
Lesão corporal (art. 129),3554607,Timburi,3.653,-0.1881,0.3784,Não significativo,0
Lesão corporal (art. 129),3554656,Torre de Pedra,3.91,0.2659,0.1274,Não significativo,0
Lesão corporal (art. 129),3554706,Torrinha,4.606,-0.005,0.9544,Não significativo,0
Lesão corporal (art. 129),3554755,Trabiju,5.351,-0.1338,0.7342,Não significativo,0
Lesão corporal (art. 129),3554805,Tremembé,2.99,0.73740000000000006,0.1681,Não significativo,0
Lesão corporal (art. 129),3554904,Três Fronteiras,6.614,-0.4405,0.5244,Não significativo,0
Lesão corporal (art. 129),3554953,Tuiuti,5.754,-0.5941,0.1637,Não significativo,0
Lesão corporal (art. 129),3555000,Tupã,4.599,-0.0449,0.5099,Não significativo,0
Lesão corporal (art. 129),3555109,Tupi Paulista,4.605,0.0433,0.5336,Não significativo,0
Lesão corporal (art. 129),3555208,Turiúba,4.4,0.0114,0.3051,Não significativo,0
Lesão corporal (art. 129),3555307,Turmalina,4.793,0.2604,0.0325,Alto-Alto,0
Lesão corporal (art. 129),3555356,Ubarana,7.829,2.5792,0.028,Alto-Alto,0
Lesão corporal (art. 129),3555406,Ubatuba,5.894,-0.3699,0.482,Não significativo,1
Lesão corporal (art. 129),3555505,Ubirajara,4.482,0.072,0.0649,Não significativo,0
Lesão corporal (art. 129),3555604,Uchoa,2.982,-0.0099,0.982,Não significativo,0
Lesão corporal (art. 129),3555703,União Paulista,6.238,0.6138,0.3358,Não significativo,0
Lesão corporal (art. 129),3555802,Urânia,4.755,0.0845,0.4471,Não significativo,0
Lesão corporal (art. 129),3555901,Uru,4.326,-0.0283,0.0027,Baixo-Alto,0
Lesão corporal (art. 129),3556008,Urupês,5.966,0.5951,0.223,Não significativo,0
Lesão corporal (art. 129),3556107,Valentim Gentil,4.965,0.0973,0.5998,Não significativo,0
Lesão corporal (art. 129),3556206,Valinhos,3.418,0.3959,0.213,Não significativo,0
Lesão corporal (art. 129),3556305,Valparaíso,3.341,0.4774,0.0887,Não significativo,0
Lesão corporal (art. 129),3556354,Vargem,3.234,0.4612,0.2251,Não significativo,0
Lesão corporal (art. 129),3556404,Vargem Grande do Sul,4.336,-0.0038,0.4778,Não significativo,0
Lesão corporal (art. 129),3556453,Vargem Grande Paulista,3.392,0.297,0.43120000000000003,Não significativo,0
Lesão corporal (art. 129),3556503,Várzea Paulista,3.732,0.3019,0.3133,Não significativo,0
Lesão corporal (art. 129),3556602,Vera Cruz,4.324,0.001,0.9092,Não significativo,0
Lesão corporal (art. 129),3556701,Vinhedo,3.319,0.4756,0.176,Não significativo,0
Lesão corporal (art. 129),3556800,Viradouro,4.594,-0.0722,0.3774,Não significativo,0
Lesão corporal (art. 129),3556909,Vista Alegre do Alto,1.973,0.4155,0.6038,Não significativo,0
Lesão corporal (art. 129),3556958,Vitória Brasil,4.459,0.0411,0.2508,Não significativo,0
Lesão corporal (art. 129),3557006,Votorantim,2.986,0.5056,0.2227,Não significativo,0
Lesão corporal (art. 129),3557105,Votuporanga,4.988,0.1281,0.3986,Não significativo,0
Lesão corporal (art. 129),3557154,Zacarias,1.486,-0.0677,0.9329,Não significativo,0
Lesão corporal (art. 129),3557204,Chavantes,5.405,-0.0325,0.9294,Não significativo,0
Lesão corporal (art. 129),3557303,Estiva Gerbi,5.312,-0.2288,0.6213,Não significativo,0
